Title,Raw_Price,Raw_Area,Raw_BHK,Locality,lat,lon
Premium 3 BHK in Silicon Suburbs,"₹ 6,553,981 /- Only",1903 Sq-Ft,3 BHK,Silicon Suburbs,12.928647039365215,77.62446710325992
Premium 4 BHK in Silicon Suburbs,"₹ 7,844,244 /- Only",2188 Sq-Ft,4 BHK,Silicon Suburbs,12.921491161980665,77.63151484447366
Premium 2 BHK in Silicon Suburbs,"₹ 4,115,883 /- Only",1137 Sq-Ft,2 BHK,Silicon Suburbs,12.923181258637861,77.63296804958057
Premium 1 BHK in Downtown Core,"₹ 3,376,096 /- Only",650 Sq-Ft,1 BHK,Downtown Core,12.96513286038088,77.59696600780555
Premium 2 BHK in Downtown Core,"₹ 6,211,977 /- Only",1226 Sq-Ft,2 BHK,Downtown Core,12.966525079148509,77.59276574954956
Premium 1 BHK in Greenwood Valley,"₹ 2,365,974 /- Only",686 Sq-Ft,1 BHK,Greenwood Valley,12.971592179265771,77.74093329995745
Premium 4 BHK in Greenwood Valley,"₹ 9,619,946 /- Only",2860 Sq-Ft,4 BHK,Greenwood Valley,12.976298375993265,77.75901795281365
Premium 2 BHK in Riverside Estates,"₹ 4,424,386 /- Only",1286 Sq-Ft,2 BHK,Riverside Estates,13.03446929642709,77.53026498542427
Premium 2 BHK in Silicon Suburbs,"₹ 3,821,035 /- Only",1088 Sq-Ft,2 BHK,Silicon Suburbs,12.934340703692008,77.63041709135899
Premium 1 BHK in Greenwood Valley,"₹ 2,071,544 /- Only",545 Sq-Ft,1 BHK,Greenwood Valley,12.988654134682005,77.76018083055051
Premium 4 BHK in Silicon Suburbs,"₹ 8,119,552 /- Only",2379 Sq-Ft,4 BHK,Silicon Suburbs,12.918826970370644,77.62175020318844
Premium 2 BHK in Greenwood Valley,"₹ 4,725,569 /- Only",1433 Sq-Ft,2 BHK,Greenwood Valley,12.9722833908379,77.73980348739047
Premium 4 BHK in Downtown Core,"₹ 12,247,036 /- Only",2375 Sq-Ft,4 BHK,Downtown Core,12.981743156952929,77.58442848078569
Premium 4 BHK in Silicon Suburbs,"₹ 9,237,184 /- Only",2772 Sq-Ft,4 BHK,Silicon Suburbs,12.92969587483179,77.61659939017056
Premium 2 BHK in Riverside Estates,"₹ 5,069,525 /- Only",1489 Sq-Ft,2 BHK,Riverside Estates,13.034180739672292,77.55076353338835
Premium 4 BHK in Silicon Suburbs,"₹ 7,755,474 /- Only",2238 Sq-Ft,4 BHK,Silicon Suburbs,12.93237604090089,77.62678587190901
Premium 4 BHK in Greenwood Valley,"₹ 8,367,134 /- Only",2466 Sq-Ft,4 BHK,Greenwood Valley,12.975702857919291,77.75951309763492
Premium 3 BHK in Greenwood Valley,"₹ 6,396,949 /- Only",1868 Sq-Ft,3 BHK,Greenwood Valley,12.975323693569749,77.75544371654367
Premium 3 BHK in Downtown Core,"₹ 9,366,964 /- Only",1846 Sq-Ft,3 BHK,Downtown Core,12.97396107097314,77.59589382036395
Premium 4 BHK in Downtown Core,"₹ 12,011,908 /- Only",2295 Sq-Ft,4 BHK,Downtown Core,12.982591264925698,77.59232191696644
Premium 2 BHK in Greenwood Valley,"₹ 4,252,494 /- Only",1210 Sq-Ft,2 BHK,Greenwood Valley,12.99089955714232,77.739778250658
Premium 1 BHK in Greenwood Valley,"₹ 1,996,859 /- Only",596 Sq-Ft,1 BHK,Greenwood Valley,12.985323675269855,77.7499013492683
Premium 3 BHK in Silicon Suburbs,"₹ 7,574,525 /- Only",2250 Sq-Ft,3 BHK,Silicon Suburbs,12.932231428943405,77.62412840284152
Premium 4 BHK in Silicon Suburbs,"₹ 9,971,836 /- Only",3002 Sq-Ft,4 BHK,Silicon Suburbs,12.931347073125322,77.61972109195628
Premium 2 BHK in Greenwood Valley,"₹ 4,804,936 /- Only",1422 Sq-Ft,2 BHK,Greenwood Valley,12.972715333569619,77.76155692974312
Premium 2 BHK in Downtown Core,"₹ 6,041,918 /- Only",1177 Sq-Ft,2 BHK,Downtown Core,12.959614553168809,77.58654681613181
Premium 3 BHK in Downtown Core,"₹ 9,640,405 /- Only",1854 Sq-Ft,3 BHK,Downtown Core,12.975294824855348,77.60453241308734
Premium 2 BHK in Greenwood Valley,"₹ 4,901,626 /- Only",1492 Sq-Ft,2 BHK,Greenwood Valley,12.981471332383846,77.74578373068549
Premium 1 BHK in Riverside Estates,"₹ 2,082,885 /- Only",571 Sq-Ft,1 BHK,Riverside Estates,13.033142728786586,77.5298232139624
Premium 2 BHK in Riverside Estates,"₹ 4,602,123 /- Only",1346 Sq-Ft,2 BHK,Riverside Estates,13.033490771103844,77.55146309581598
Premium 2 BHK in Downtown Core,"₹ 7,057,516 /- Only",1389 Sq-Ft,2 BHK,Downtown Core,12.971337765366075,77.5911858568651
Premium 1 BHK in Silicon Suburbs,"₹ 2,399,468 /- Only",699 Sq-Ft,1 BHK,Silicon Suburbs,12.930444013511497,77.63261076241618
Premium 1 BHK in Silicon Suburbs,"₹ 2,016,751 /- Only",595 Sq-Ft,1 BHK,Silicon Suburbs,12.927342289626173,77.63860835396704
Premium 3 BHK in Downtown Core,"₹ 11,107,973 /- Only",2201 Sq-Ft,3 BHK,Downtown Core,12.97994819772033,77.58476066002962
Premium 4 BHK in Riverside Estates,"₹ 8,385,750 /- Only",2434 Sq-Ft,4 BHK,Riverside Estates,13.036202396426997,77.5496279245044
Premium 2 BHK in Downtown Core,"₹ 7,093,394 /- Only",1397 Sq-Ft,2 BHK,Downtown Core,12.97837492791205,77.58563082010838
Premium 4 BHK in Riverside Estates,"₹ 8,907,362 /- Only",2633 Sq-Ft,4 BHK,Riverside Estates,13.037627780648705,77.55040664789237
Premium 2 BHK in Riverside Estates,"₹ 4,698,326 /- Only",1404 Sq-Ft,2 BHK,Riverside Estates,13.038597848275604,77.53729372065257
Premium 4 BHK in Downtown Core,"₹ 12,284,665 /- Only",2359 Sq-Ft,4 BHK,Downtown Core,12.967366156575828,77.59684580745596
Premium 1 BHK in Silicon Suburbs,"₹ 2,077,826 /- Only",585 Sq-Ft,1 BHK,Silicon Suburbs,12.923118415675404,77.62367072146579
Premium 4 BHK in Riverside Estates,"₹ 8,424,823 /- Only",2438 Sq-Ft,4 BHK,Riverside Estates,13.030628258007205,77.54949483986839
Premium 4 BHK in Downtown Core,"₹ 14,785,938 /- Only",2945 Sq-Ft,4 BHK,Downtown Core,12.959786568752795,77.5962260640291
Premium 3 BHK in Riverside Estates,"₹ 7,277,883 /- Only",2182 Sq-Ft,3 BHK,Riverside Estates,13.020698413060053,77.53989742522145
Premium 2 BHK in Silicon Suburbs,"₹ 4,242,916 /- Only",1209 Sq-Ft,2 BHK,Silicon Suburbs,12.93762833914933,77.62915918237535
Premium 3 BHK in Downtown Core,"₹ 8,732,929 /- Only",1647 Sq-Ft,3 BHK,Downtown Core,12.961036743157173,77.58579461140127
Premium 2 BHK in Greenwood Valley,"₹ 4,721,476 /- Only",1362 Sq-Ft,2 BHK,Greenwood Valley,12.989395250526412,77.76129091138468
Premium 4 BHK in Silicon Suburbs,"₹ 9,505,731 /- Only",2822 Sq-Ft,4 BHK,Silicon Suburbs,12.92005234363788,77.63585080718646
Premium 1 BHK in Riverside Estates,"₹ 2,506,606 /- Only",722 Sq-Ft,1 BHK,Riverside Estates,13.022168765555412,77.54323068077656
Premium 2 BHK in Downtown Core,"₹ 7,257,867 /- Only",1436 Sq-Ft,2 BHK,Downtown Core,12.967346397459195,77.59773550215426
Premium 4 BHK in Riverside Estates,"₹ 9,469,890 /- Only",2830 Sq-Ft,4 BHK,Riverside Estates,13.023836068193885,77.54845091289123
Premium 4 BHK in Greenwood Valley,"₹ 8,556,597 /- Only",2488 Sq-Ft,4 BHK,Greenwood Valley,12.986992610369224,77.73852485194453
Premium 1 BHK in Downtown Core,"₹ 2,963,844 /- Only",538 Sq-Ft,1 BHK,Downtown Core,12.96952421544515,77.58607238703155
Premium 3 BHK in Greenwood Valley,"₹ 6,907,969 /- Only",2043 Sq-Ft,3 BHK,Greenwood Valley,12.97190791296454,77.74444642336705
Premium 4 BHK in Greenwood Valley,"₹ 9,031,264 /- Only",2628 Sq-Ft,4 BHK,Greenwood Valley,12.970499898876488,77.76066216659342
Premium 2 BHK in Silicon Suburbs,"₹ 3,916,289 /- Only",1157 Sq-Ft,2 BHK,Silicon Suburbs,12.918491450078077,77.62576863742883
Premium 4 BHK in Riverside Estates,"₹ 9,995,861 /- Only",2980 Sq-Ft,4 BHK,Riverside Estates,13.03037535353014,77.54570410557204
Premium 2 BHK in Downtown Core,"₹ 6,630,132 /- Only",1328 Sq-Ft,2 BHK,Downtown Core,12.977844844523368,77.5977370651385
Premium 2 BHK in Riverside Estates,"₹ 4,191,894 /- Only",1183 Sq-Ft,2 BHK,Riverside Estates,13.027818202546815,77.5422534250886
Premium 1 BHK in Riverside Estates,"₹ 2,230,553 /- Only",696 Sq-Ft,1 BHK,Riverside Estates,13.030038835088538,77.55059244105964
Premium 3 BHK in Silicon Suburbs,"₹ 6,162,920 /- Only",1784 Sq-Ft,3 BHK,Silicon Suburbs,12.938386114276128,77.61677902560135
Premium 3 BHK in Silicon Suburbs,"₹ 6,095,483 /- Only",1696 Sq-Ft,3 BHK,Silicon Suburbs,12.92328236410451,77.63232116938885
Premium 4 BHK in Silicon Suburbs,"₹ 9,527,410 /- Only",2840 Sq-Ft,4 BHK,Silicon Suburbs,12.917339514941284,77.62334306036662
Premium 4 BHK in Downtown Core,"₹ 13,424,122 /- Only",2647 Sq-Ft,4 BHK,Downtown Core,12.973352079541236,77.59374115923133
Premium 1 BHK in Silicon Suburbs,"₹ 2,451,305 /- Only",749 Sq-Ft,1 BHK,Silicon Suburbs,12.929770170567103,77.62965028558163
Premium 1 BHK in Silicon Suburbs,"₹ 2,241,276 /- Only",605 Sq-Ft,1 BHK,Silicon Suburbs,12.926271223313563,77.61737432287832
Premium 4 BHK in Greenwood Valley,"₹ 7,819,786 /- Only",2240 Sq-Ft,4 BHK,Greenwood Valley,12.974628246145127,77.74536100016014
Premium 1 BHK in Silicon Suburbs,"₹ 2,495,077 /- Only",759 Sq-Ft,1 BHK,Silicon Suburbs,12.928110443058134,77.62565087631019
Premium 1 BHK in Silicon Suburbs,"₹ 2,191,184 /- Only",606 Sq-Ft,1 BHK,Silicon Suburbs,12.916477042738054,77.62351671949966
Premium 2 BHK in Riverside Estates,"₹ 4,067,019 /- Only",1220 Sq-Ft,2 BHK,Riverside Estates,13.037029884662088,77.52965577982611
Premium 1 BHK in Greenwood Valley,"₹ 2,160,788 /- Only",617 Sq-Ft,1 BHK,Greenwood Valley,12.974722645155342,77.74523090103612
Premium 1 BHK in Riverside Estates,"₹ 2,015,000 /- Only",627 Sq-Ft,1 BHK,Riverside Estates,13.03057008040129,77.54806871201026
Premium 1 BHK in Downtown Core,"₹ 2,828,266 /- Only",530 Sq-Ft,1 BHK,Downtown Core,12.97903423942137,77.58414238258821
Premium 2 BHK in Greenwood Valley,"₹ 4,047,035 /- Only",1202 Sq-Ft,2 BHK,Greenwood Valley,12.979435576249061,77.74691685807524
Premium 2 BHK in Downtown Core,"₹ 6,760,872 /- Only",1332 Sq-Ft,2 BHK,Downtown Core,12.959873794106098,77.58489942567434
Premium 3 BHK in Silicon Suburbs,"₹ 6,618,707 /- Only",1895 Sq-Ft,3 BHK,Silicon Suburbs,12.927663147960883,77.62686552403768
Premium 4 BHK in Downtown Core,"₹ 14,035,267 /- Only",2738 Sq-Ft,4 BHK,Downtown Core,12.971891493826988,77.59623738840138
Premium 3 BHK in Silicon Suburbs,"₹ 6,243,076 /- Only",1804 Sq-Ft,3 BHK,Silicon Suburbs,12.934501539979632,77.63405863277806
Premium 4 BHK in Downtown Core,"₹ 13,565,039 /- Only",2646 Sq-Ft,4 BHK,Downtown Core,12.961006675430285,77.60602598875562
Premium 4 BHK in Greenwood Valley,"₹ 9,049,364 /- Only",2653 Sq-Ft,4 BHK,Greenwood Valley,12.987664323379784,77.75025987276912
Premium 2 BHK in Downtown Core,"₹ 7,278,080 /- Only",1425 Sq-Ft,2 BHK,Downtown Core,12.981754609803358,77.60258232223717
Premium 3 BHK in Downtown Core,"₹ 11,209,513 /- Only",2235 Sq-Ft,3 BHK,Downtown Core,12.978284023302205,77.60209890416478
Premium 1 BHK in Riverside Estates,"₹ 2,107,795 /- Only",642 Sq-Ft,1 BHK,Riverside Estates,13.03234792213347,77.54833306003601
Premium 4 BHK in Greenwood Valley,"₹ 7,884,037 /- Only",2207 Sq-Ft,4 BHK,Greenwood Valley,12.971302581212143,77.73989053730728
Premium 3 BHK in Silicon Suburbs,"₹ 7,258,394 /- Only",2162 Sq-Ft,3 BHK,Silicon Suburbs,12.936014562145365,77.62839520367248
Premium 1 BHK in Silicon Suburbs,"₹ 2,498,100 /- Only",742 Sq-Ft,1 BHK,Silicon Suburbs,12.922563562173695,77.62449816059592
Premium 1 BHK in Riverside Estates,"₹ 2,053,431 /- Only",611 Sq-Ft,1 BHK,Riverside Estates,13.035054706856176,77.53406429128871
Premium 1 BHK in Riverside Estates,"₹ 2,147,501 /- Only",612 Sq-Ft,1 BHK,Riverside Estates,13.038080689494192,77.54381754825464
Premium 4 BHK in Silicon Suburbs,"₹ 9,984,671 /- Only",2972 Sq-Ft,4 BHK,Silicon Suburbs,12.932771218094418,77.63515487240566
Premium 1 BHK in Silicon Suburbs,"₹ 2,401,401 /- Only",676 Sq-Ft,1 BHK,Silicon Suburbs,12.936544916881552,77.61610443145395
Premium 4 BHK in Riverside Estates,"₹ 7,834,588 /- Only",2255 Sq-Ft,4 BHK,Riverside Estates,13.039562276835758,77.55099090247971
Premium 4 BHK in Greenwood Valley,"₹ 9,084,126 /- Only",2717 Sq-Ft,4 BHK,Greenwood Valley,12.979621449587876,77.74353121725993
Premium 4 BHK in Greenwood Valley,"₹ 9,936,735 /- Only",2994 Sq-Ft,4 BHK,Greenwood Valley,12.975300766319755,77.74710659505331
Premium 1 BHK in Greenwood Valley,"₹ 1,956,527 /- Only",513 Sq-Ft,1 BHK,Greenwood Valley,12.978456092626029,77.75067882425988
Premium 3 BHK in Greenwood Valley,"₹ 5,918,146 /- Only",1689 Sq-Ft,3 BHK,Greenwood Valley,12.991097728243906,77.76054527477257
Premium 2 BHK in Silicon Suburbs,"₹ 4,637,378 /- Only",1323 Sq-Ft,2 BHK,Silicon Suburbs,12.93553854139007,77.63888624787312
Premium 3 BHK in Riverside Estates,"₹ 6,501,228 /- Only",1853 Sq-Ft,3 BHK,Riverside Estates,13.034157308184097,77.53683154971782
Premium 2 BHK in Downtown Core,"₹ 7,082,991 /- Only",1398 Sq-Ft,2 BHK,Downtown Core,12.981650581288951,77.59997617975819
Premium 4 BHK in Riverside Estates,"₹ 9,658,395 /- Only",2928 Sq-Ft,4 BHK,Riverside Estates,13.033095148914837,77.55042123362804
Premium 4 BHK in Greenwood Valley,"₹ 7,908,557 /- Only",2300 Sq-Ft,4 BHK,Greenwood Valley,12.987411207660625,77.7411521968951
Premium 4 BHK in Greenwood Valley,"₹ 9,347,288 /- Only",2752 Sq-Ft,4 BHK,Greenwood Valley,12.989501852939476,77.74731253554948
Premium 4 BHK in Silicon Suburbs,"₹ 8,862,011 /- Only",2542 Sq-Ft,4 BHK,Silicon Suburbs,12.93491376807385,77.63520885224129
Premium 4 BHK in Greenwood Valley,"₹ 8,850,308 /- Only",2594 Sq-Ft,4 BHK,Greenwood Valley,12.969531324069346,77.74368829113766
Premium 3 BHK in Riverside Estates,"₹ 7,305,863 /- Only",2163 Sq-Ft,3 BHK,Riverside Estates,13.037848439426783,77.54533875801478
Premium 4 BHK in Silicon Suburbs,"₹ 8,611,099 /- Only",2521 Sq-Ft,4 BHK,Silicon Suburbs,12.93380396157635,77.63889800099024
Premium 1 BHK in Greenwood Valley,"₹ 2,371,130 /- Only",704 Sq-Ft,1 BHK,Greenwood Valley,12.984517744901312,77.75594686219593
Premium 4 BHK in Greenwood Valley,"₹ 9,705,424 /- Only",2879 Sq-Ft,4 BHK,Greenwood Valley,12.982210175095746,77.75409538328604
Premium 3 BHK in Silicon Suburbs,"₹ 6,279,515 /- Only",1777 Sq-Ft,3 BHK,Silicon Suburbs,12.936105727621316,77.6283468983041
Premium 3 BHK in Downtown Core,"₹ 8,478,245 /- Only",1646 Sq-Ft,3 BHK,Downtown Core,12.972765927476319,77.5953142628228
Premium 1 BHK in Silicon Suburbs,"₹ 2,428,599 /- Only",688 Sq-Ft,1 BHK,Silicon Suburbs,12.921199628160016,77.61965488396554
Premium 4 BHK in Silicon Suburbs,"₹ 7,787,299 /- Only",2198 Sq-Ft,4 BHK,Silicon Suburbs,12.929371163804875,77.62848723336235
Premium 4 BHK in Downtown Core,"₹ 13,278,085 /- Only",2620 Sq-Ft,4 BHK,Downtown Core,12.98011024265304,77.58829658790764
Premium 3 BHK in Greenwood Valley,"₹ 6,423,009 /- Only",1856 Sq-Ft,3 BHK,Greenwood Valley,12.989664381478265,77.74726990381298
Premium 3 BHK in Riverside Estates,"₹ 6,973,817 /- Only",2015 Sq-Ft,3 BHK,Riverside Estates,13.039923584652136,77.53869569029331
Premium 2 BHK in Downtown Core,"₹ 6,291,895 /- Only",1217 Sq-Ft,2 BHK,Downtown Core,12.971945806959257,77.60515138598102
Premium 4 BHK in Greenwood Valley,"₹ 8,411,308 /- Only",2403 Sq-Ft,4 BHK,Greenwood Valley,12.983025347836897,77.758003430398
Premium 3 BHK in Riverside Estates,"₹ 5,861,494 /- Only",1634 Sq-Ft,3 BHK,Riverside Estates,13.020408603254191,77.53860417698691
Premium 2 BHK in Riverside Estates,"₹ 4,266,881 /- Only",1192 Sq-Ft,2 BHK,Riverside Estates,13.038825293637242,77.53225550389665
Premium 3 BHK in Riverside Estates,"₹ 6,987,306 /- Only",2115 Sq-Ft,3 BHK,Riverside Estates,13.02325917868725,77.53601288367308
Premium 2 BHK in Silicon Suburbs,"₹ 3,945,971 /- Only",1092 Sq-Ft,2 BHK,Silicon Suburbs,12.93965727065424,77.6386320386461
Premium 3 BHK in Downtown Core,"₹ 10,638,944 /- Only",2097 Sq-Ft,3 BHK,Downtown Core,12.975534879720772,77.59446142484137
Premium 1 BHK in Downtown Core,"₹ 3,712,342 /- Only",734 Sq-Ft,1 BHK,Downtown Core,12.964776962413312,77.58988136076151
Premium 3 BHK in Greenwood Valley,"₹ 6,724,026 /- Only",2017 Sq-Ft,3 BHK,Greenwood Valley,12.982896311221152,77.73947138456879
Premium 1 BHK in Riverside Estates,"₹ 2,122,925 /- Only",641 Sq-Ft,1 BHK,Riverside Estates,13.03296557879808,77.55211285197852
Premium 4 BHK in Riverside Estates,"₹ 9,273,211 /- Only",2791 Sq-Ft,4 BHK,Riverside Estates,13.01976909534679,77.55324477981598
Premium 3 BHK in Greenwood Valley,"₹ 7,501,717 /- Only",2218 Sq-Ft,3 BHK,Greenwood Valley,12.976482070002834,77.75162616016267
Premium 4 BHK in Riverside Estates,"₹ 7,883,448 /- Only",2276 Sq-Ft,4 BHK,Riverside Estates,13.034094625165649,77.54336621715183
Premium 4 BHK in Downtown Core,"₹ 15,061,115 /- Only",2991 Sq-Ft,4 BHK,Downtown Core,12.97115892744031,77.58976628925191
Premium 2 BHK in Greenwood Valley,"₹ 4,343,186 /- Only",1268 Sq-Ft,2 BHK,Greenwood Valley,12.981346836643063,77.75951389318662
Premium 2 BHK in Riverside Estates,"₹ 4,952,300 /- Only",1438 Sq-Ft,2 BHK,Riverside Estates,13.031491172268556,77.54129919798838
Premium 3 BHK in Silicon Suburbs,"₹ 6,182,825 /- Only",1819 Sq-Ft,3 BHK,Silicon Suburbs,12.93231812457552,77.62313150982187
Premium 2 BHK in Downtown Core,"₹ 6,674,545 /- Only",1295 Sq-Ft,2 BHK,Downtown Core,12.968667891700587,77.60314310219016
Premium 2 BHK in Silicon Suburbs,"₹ 3,978,581 /- Only",1156 Sq-Ft,2 BHK,Silicon Suburbs,12.916565419650796,77.62976120192239
Premium 2 BHK in Downtown Core,"₹ 5,858,164 /- Only",1116 Sq-Ft,2 BHK,Downtown Core,12.968985439056832,77.58461387071374
Premium 1 BHK in Riverside Estates,"₹ 2,458,847 /- Only",687 Sq-Ft,1 BHK,Riverside Estates,13.018588808775773,77.54617678508035
Premium 2 BHK in Riverside Estates,"₹ 4,422,128 /- Only",1329 Sq-Ft,2 BHK,Riverside Estates,13.033167422452747,77.54587092211213
Premium 3 BHK in Riverside Estates,"₹ 6,523,131 /- Only",1901 Sq-Ft,3 BHK,Riverside Estates,13.021556495188278,77.54372795521303
Premium 4 BHK in Downtown Core,"₹ 13,576,740 /- Only",2643 Sq-Ft,4 BHK,Downtown Core,12.963002821021218,77.59605659448029
Premium 4 BHK in Downtown Core,"₹ 14,468,296 /- Only",2872 Sq-Ft,4 BHK,Downtown Core,12.976265314384795,77.59167498443887
Premium 4 BHK in Greenwood Valley,"₹ 8,379,255 /- Only",2433 Sq-Ft,4 BHK,Greenwood Valley,12.983184832000266,77.76019247560025
Premium 1 BHK in Greenwood Valley,"₹ 2,131,401 /- Only",584 Sq-Ft,1 BHK,Greenwood Valley,12.976059423687973,77.7392153457702
Premium 1 BHK in Downtown Core,"₹ 3,828,771 /- Only",756 Sq-Ft,1 BHK,Downtown Core,12.97038178676979,77.59330656253532
Premium 3 BHK in Silicon Suburbs,"₹ 7,323,158 /- Only",2188 Sq-Ft,3 BHK,Silicon Suburbs,12.930161392491232,77.61835054107955
Premium 2 BHK in Riverside Estates,"₹ 4,097,871 /- Only",1187 Sq-Ft,2 BHK,Riverside Estates,13.039157102799248,77.54554307795665
Premium 4 BHK in Greenwood Valley,"₹ 8,944,639 /- Only",2641 Sq-Ft,4 BHK,Greenwood Valley,12.988727547013452,77.74292394291585
Premium 1 BHK in Downtown Core,"₹ 3,284,032 /- Only",608 Sq-Ft,1 BHK,Downtown Core,12.977382641957208,77.59744148492193
Premium 4 BHK in Downtown Core,"₹ 14,657,459 /- Only",2874 Sq-Ft,4 BHK,Downtown Core,12.9610430733075,77.60466656062059
Premium 2 BHK in Silicon Suburbs,"₹ 4,399,160 /- Only",1239 Sq-Ft,2 BHK,Silicon Suburbs,12.93477714691959,77.62724984426951
Premium 1 BHK in Greenwood Valley,"₹ 1,942,275 /- Only",532 Sq-Ft,1 BHK,Greenwood Valley,12.98152598483375,77.73920175337548
Premium 2 BHK in Greenwood Valley,"₹ 4,280,597 /- Only",1256 Sq-Ft,2 BHK,Greenwood Valley,12.985302816115828,77.75970098338736
Premium 4 BHK in Riverside Estates,"₹ 8,205,264 /- Only",2322 Sq-Ft,4 BHK,Riverside Estates,13.036684374243977,77.5397199225825
Premium 3 BHK in Downtown Core,"₹ 10,885,899 /- Only",2148 Sq-Ft,3 BHK,Downtown Core,12.963348919067014,77.59603411536641
Premium 4 BHK in Riverside Estates,"₹ 8,847,134 /- Only",2555 Sq-Ft,4 BHK,Riverside Estates,13.027006958525261,77.54397790580737
Premium 1 BHK in Silicon Suburbs,"₹ 1,936,354 /- Only",574 Sq-Ft,1 BHK,Silicon Suburbs,12.917504434640708,77.62303654561352
Premium 2 BHK in Downtown Core,"₹ 6,205,909 /- Only",1227 Sq-Ft,2 BHK,Downtown Core,12.970469375232922,77.6014265181156
Premium 4 BHK in Greenwood Valley,"₹ 9,883,695 /- Only",2948 Sq-Ft,4 BHK,Greenwood Valley,12.980080979482832,77.73913404846573
Premium 2 BHK in Silicon Suburbs,"₹ 4,167,029 /- Only",1244 Sq-Ft,2 BHK,Silicon Suburbs,12.929916898630685,77.63055799356306
Premium 2 BHK in Greenwood Valley,"₹ 4,462,567 /- Only",1329 Sq-Ft,2 BHK,Greenwood Valley,12.986000059737492,77.74073560770545
Premium 2 BHK in Downtown Core,"₹ 6,299,642 /- Only",1230 Sq-Ft,2 BHK,Downtown Core,12.974701804492707,77.58409521479926
Premium 2 BHK in Riverside Estates,"₹ 4,625,397 /- Only",1407 Sq-Ft,2 BHK,Riverside Estates,13.032713857574926,77.54858664857052
Premium 3 BHK in Greenwood Valley,"₹ 7,387,308 /- Only",2251 Sq-Ft,3 BHK,Greenwood Valley,12.970732760519198,77.73855555211145
Premium 2 BHK in Downtown Core,"₹ 7,320,587 /- Only",1449 Sq-Ft,2 BHK,Downtown Core,12.974996683226083,77.59305227981815
Premium 1 BHK in Greenwood Valley,"₹ 2,027,939 /- Only",548 Sq-Ft,1 BHK,Greenwood Valley,12.969716525797539,77.74947538011058
Premium 4 BHK in Riverside Estates,"₹ 9,769,574 /- Only",2876 Sq-Ft,4 BHK,Riverside Estates,13.040094112618737,77.53680066312359
Premium 2 BHK in Downtown Core,"₹ 7,020,576 /- Only",1354 Sq-Ft,2 BHK,Downtown Core,12.960317105059934,77.59165270159099
Premium 1 BHK in Riverside Estates,"₹ 1,825,097 /- Only",523 Sq-Ft,1 BHK,Riverside Estates,13.033073377392208,77.53713631139429
Premium 4 BHK in Greenwood Valley,"₹ 9,981,900 /- Only",2971 Sq-Ft,4 BHK,Greenwood Valley,12.988616279664118,77.74770703822121
Premium 1 BHK in Riverside Estates,"₹ 2,306,273 /- Only",676 Sq-Ft,1 BHK,Riverside Estates,13.036531732526312,77.53614411665741
Premium 3 BHK in Downtown Core,"₹ 9,437,228 /- Only",1807 Sq-Ft,3 BHK,Downtown Core,12.97045426504075,77.60565814800108
Premium 4 BHK in Greenwood Valley,"₹ 9,200,269 /- Only",2738 Sq-Ft,4 BHK,Greenwood Valley,12.979731340333263,77.74388449163416
Premium 1 BHK in Greenwood Valley,"₹ 2,181,103 /- Only",603 Sq-Ft,1 BHK,Greenwood Valley,12.982115619955273,77.74950601800768
Premium 1 BHK in Riverside Estates,"₹ 2,069,589 /- Only",598 Sq-Ft,1 BHK,Riverside Estates,13.039030288366908,77.5441084846015
Premium 1 BHK in Downtown Core,"₹ 3,537,945 /- Only",679 Sq-Ft,1 BHK,Downtown Core,12.959750766248504,77.59380693004202
Premium 4 BHK in Riverside Estates,"₹ 9,312,526 /- Only",2701 Sq-Ft,4 BHK,Riverside Estates,13.020288775137974,77.5351917645578
Premium 1 BHK in Silicon Suburbs,"₹ 2,365,357 /- Only",720 Sq-Ft,1 BHK,Silicon Suburbs,12.928048919392168,77.62152314036253
Premium 4 BHK in Greenwood Valley,"₹ 9,352,748 /- Only",2733 Sq-Ft,4 BHK,Greenwood Valley,12.989465764071204,77.74603950200138
Premium 3 BHK in Downtown Core,"₹ 9,129,634 /- Only",1757 Sq-Ft,3 BHK,Downtown Core,12.97707718806826,77.59891360367008
Premium 1 BHK in Greenwood Valley,"₹ 2,321,446 /- Only",730 Sq-Ft,1 BHK,Greenwood Valley,12.97022429909675,77.74701439471858
Premium 2 BHK in Riverside Estates,"₹ 4,249,343 /- Only",1200 Sq-Ft,2 BHK,Riverside Estates,13.020927351661314,77.53608225047832
Premium 4 BHK in Downtown Core,"₹ 11,961,085 /- Only",2326 Sq-Ft,4 BHK,Downtown Core,12.964701270942525,77.59756341444988
Premium 1 BHK in Downtown Core,"₹ 2,575,044 /- Only",509 Sq-Ft,1 BHK,Downtown Core,12.98042079847467,77.6005918676862
Premium 3 BHK in Greenwood Valley,"₹ 7,190,241 /- Only",2180 Sq-Ft,3 BHK,Greenwood Valley,12.98670607851887,77.75006124474132
Premium 2 BHK in Downtown Core,"₹ 6,413,348 /- Only",1270 Sq-Ft,2 BHK,Downtown Core,12.972199930666775,77.58505873016458
Premium 1 BHK in Silicon Suburbs,"₹ 2,423,003 /- Only",700 Sq-Ft,1 BHK,Silicon Suburbs,12.924918950511879,77.62698876913724
Premium 2 BHK in Silicon Suburbs,"₹ 3,984,408 /- Only",1133 Sq-Ft,2 BHK,Silicon Suburbs,12.923613246446171,77.63107353248083
Premium 2 BHK in Greenwood Valley,"₹ 4,253,410 /- Only",1197 Sq-Ft,2 BHK,Greenwood Valley,12.986604710139538,77.76146257949215
Premium 3 BHK in Riverside Estates,"₹ 6,596,150 /- Only",1884 Sq-Ft,3 BHK,Riverside Estates,13.027664459806461,77.54449737421369
Premium 3 BHK in Riverside Estates,"₹ 6,156,989 /- Only",1760 Sq-Ft,3 BHK,Riverside Estates,13.02158851024062,77.5500284015952
Premium 3 BHK in Silicon Suburbs,"₹ 6,244,725 /- Only",1795 Sq-Ft,3 BHK,Silicon Suburbs,12.934158729926846,77.62698006066013
Premium 3 BHK in Downtown Core,"₹ 9,330,861 /- Only",1816 Sq-Ft,3 BHK,Downtown Core,12.97595263654124,77.60096589300215
Premium 3 BHK in Greenwood Valley,"₹ 6,625,863 /- Only",1926 Sq-Ft,3 BHK,Greenwood Valley,12.98333463102099,77.75598128002139
Premium 3 BHK in Riverside Estates,"₹ 6,779,986 /- Only",2003 Sq-Ft,3 BHK,Riverside Estates,13.022397618696607,77.55345846691957
Premium 4 BHK in Greenwood Valley,"₹ 9,058,255 /- Only",2643 Sq-Ft,4 BHK,Greenwood Valley,12.976315400896908,77.75722620569204
Premium 4 BHK in Riverside Estates,"₹ 9,831,896 /- Only",2982 Sq-Ft,4 BHK,Riverside Estates,13.022725645917417,77.53309171954832
Premium 2 BHK in Greenwood Valley,"₹ 4,539,771 /- Only",1300 Sq-Ft,2 BHK,Greenwood Valley,12.982449935527445,77.75395028529344
Premium 1 BHK in Downtown Core,"₹ 3,492,774 /- Only",705 Sq-Ft,1 BHK,Downtown Core,12.983167760263639,77.59415048678838
Premium 3 BHK in Silicon Suburbs,"₹ 5,761,569 /- Only",1682 Sq-Ft,3 BHK,Silicon Suburbs,12.930739592810896,77.62248682096659
Premium 3 BHK in Silicon Suburbs,"₹ 6,308,387 /- Only",1852 Sq-Ft,3 BHK,Silicon Suburbs,12.926790612401488,77.6292587549574
Premium 1 BHK in Silicon Suburbs,"₹ 2,152,428 /- Only",652 Sq-Ft,1 BHK,Silicon Suburbs,12.933495171670494,77.61844778256511
Premium 2 BHK in Silicon Suburbs,"₹ 4,354,051 /- Only",1249 Sq-Ft,2 BHK,Silicon Suburbs,12.93292539350614,77.63085431050895
Premium 2 BHK in Greenwood Valley,"₹ 4,100,845 /- Only",1145 Sq-Ft,2 BHK,Greenwood Valley,12.977343205463784,77.75692296530218
Premium 2 BHK in Riverside Estates,"₹ 3,837,494 /- Only",1128 Sq-Ft,2 BHK,Riverside Estates,13.020931577767907,77.54388438504677
Premium 1 BHK in Riverside Estates,"₹ 2,526,766 /- Only",735 Sq-Ft,1 BHK,Riverside Estates,13.030462425872953,77.53406411551535
Premium 1 BHK in Downtown Core,"₹ 3,172,422 /- Only",591 Sq-Ft,1 BHK,Downtown Core,12.973986834417897,77.60485843451264
Premium 3 BHK in Greenwood Valley,"₹ 6,019,263 /- Only",1685 Sq-Ft,3 BHK,Greenwood Valley,12.975789611221368,77.75618170146707
Premium 1 BHK in Silicon Suburbs,"₹ 2,390,604 /- Only",672 Sq-Ft,1 BHK,Silicon Suburbs,12.930325156948577,77.62835848712231
Premium 4 BHK in Riverside Estates,"₹ 8,459,367 /- Only",2402 Sq-Ft,4 BHK,Riverside Estates,13.032782135676827,77.53079007034259
Premium 1 BHK in Greenwood Valley,"₹ 2,288,727 /- Only",717 Sq-Ft,1 BHK,Greenwood Valley,12.991113160433358,77.74153739737469
Premium 2 BHK in Downtown Core,"₹ 6,748,814 /- Only",1340 Sq-Ft,2 BHK,Downtown Core,12.981003646764846,77.59859508276853
Premium 3 BHK in Greenwood Valley,"₹ 6,551,593 /- Only",1953 Sq-Ft,3 BHK,Greenwood Valley,12.98464354642427,77.75906313116383
Premium 4 BHK in Downtown Core,"₹ 14,096,129 /- Only",2789 Sq-Ft,4 BHK,Downtown Core,12.97887601749718,77.58705449953389
Premium 4 BHK in Greenwood Valley,"₹ 8,560,878 /- Only",2439 Sq-Ft,4 BHK,Greenwood Valley,12.984756300259777,77.75436517483341
Premium 4 BHK in Silicon Suburbs,"₹ 8,052,911 /- Only",2266 Sq-Ft,4 BHK,Silicon Suburbs,12.931667581950931,77.63301848423582
Premium 3 BHK in Silicon Suburbs,"₹ 6,441,000 /- Only",1898 Sq-Ft,3 BHK,Silicon Suburbs,12.934485979736365,77.62890915481753
Premium 3 BHK in Downtown Core,"₹ 8,930,090 /- Only",1716 Sq-Ft,3 BHK,Downtown Core,12.960292941040633,77.5897973797967
Premium 3 BHK in Riverside Estates,"₹ 7,197,344 /- Only",2110 Sq-Ft,3 BHK,Riverside Estates,13.03609284548475,77.53269276616834
Premium 1 BHK in Greenwood Valley,"₹ 2,174,833 /- Only",581 Sq-Ft,1 BHK,Greenwood Valley,12.984486463070061,77.73986098740164
Premium 4 BHK in Greenwood Valley,"₹ 8,995,295 /- Only",2693 Sq-Ft,4 BHK,Greenwood Valley,12.989520935464078,77.75525606929392
Premium 4 BHK in Riverside Estates,"₹ 9,016,252 /- Only",2694 Sq-Ft,4 BHK,Riverside Estates,13.037504480659766,77.5455747079357
Premium 4 BHK in Riverside Estates,"₹ 9,256,799 /- Only",2692 Sq-Ft,4 BHK,Riverside Estates,13.037327596065415,77.55167479526884
Premium 2 BHK in Silicon Suburbs,"₹ 4,446,888 /- Only",1302 Sq-Ft,2 BHK,Silicon Suburbs,12.928714806098483,77.62919140330104
Premium 1 BHK in Downtown Core,"₹ 3,321,864 /- Only",633 Sq-Ft,1 BHK,Downtown Core,12.978338390530146,77.60195979534204
Premium 4 BHK in Downtown Core,"₹ 12,922,410 /- Only",2492 Sq-Ft,4 BHK,Downtown Core,12.959717080436393,77.59155316630851
Premium 3 BHK in Riverside Estates,"₹ 6,469,137 /- Only",1887 Sq-Ft,3 BHK,Riverside Estates,13.030935981382386,77.53914491892961
Premium 1 BHK in Silicon Suburbs,"₹ 2,281,273 /- Only",643 Sq-Ft,1 BHK,Silicon Suburbs,12.938981275952932,77.61634156551477
Premium 3 BHK in Greenwood Valley,"₹ 7,009,990 /- Only",2024 Sq-Ft,3 BHK,Greenwood Valley,12.975751202319094,77.74961511776218
Premium 2 BHK in Silicon Suburbs,"₹ 3,993,114 /- Only",1110 Sq-Ft,2 BHK,Silicon Suburbs,12.92488944413616,77.6273937598481
Premium 1 BHK in Greenwood Valley,"₹ 2,110,168 /- Only",631 Sq-Ft,1 BHK,Greenwood Valley,12.988060946763479,77.74358615319514
Premium 3 BHK in Greenwood Valley,"₹ 7,113,667 /- Only",2089 Sq-Ft,3 BHK,Greenwood Valley,12.973481469309771,77.75971101894362
Premium 2 BHK in Riverside Estates,"₹ 4,629,515 /- Only",1348 Sq-Ft,2 BHK,Riverside Estates,13.03788944913524,77.53121950234748
Premium 2 BHK in Riverside Estates,"₹ 4,570,797 /- Only",1355 Sq-Ft,2 BHK,Riverside Estates,13.026911976132261,77.52980208474497
Premium 4 BHK in Downtown Core,"₹ 11,883,966 /- Only",2279 Sq-Ft,4 BHK,Downtown Core,12.965758393810304,77.58404516775346
Premium 2 BHK in Riverside Estates,"₹ 3,859,833 /- Only",1113 Sq-Ft,2 BHK,Riverside Estates,13.02082314211059,77.55284562490833
Premium 3 BHK in Riverside Estates,"₹ 7,555,081 /- Only",2234 Sq-Ft,3 BHK,Riverside Estates,13.021563904773663,77.53556403001053
Premium 2 BHK in Downtown Core,"₹ 6,932,495 /- Only",1381 Sq-Ft,2 BHK,Downtown Core,12.982922110776848,77.59656467176603
Premium 2 BHK in Silicon Suburbs,"₹ 3,925,672 /- Only",1154 Sq-Ft,2 BHK,Silicon Suburbs,12.931937487784074,77.62057073107988
Premium 2 BHK in Riverside Estates,"₹ 4,161,604 /- Only",1157 Sq-Ft,2 BHK,Riverside Estates,13.025955589884944,77.54192991226714
Premium 3 BHK in Riverside Estates,"₹ 6,019,224 /- Only",1696 Sq-Ft,3 BHK,Riverside Estates,13.024760121871626,77.53220247368547
Premium 2 BHK in Riverside Estates,"₹ 4,307,995 /- Only",1253 Sq-Ft,2 BHK,Riverside Estates,13.028841252808748,77.55249380594643
Premium 4 BHK in Greenwood Valley,"₹ 8,566,137 /- Only",2514 Sq-Ft,4 BHK,Greenwood Valley,12.98501573471647,77.74046496774886
Premium 2 BHK in Greenwood Valley,"₹ 5,057,372 /- Only",1481 Sq-Ft,2 BHK,Greenwood Valley,12.99220642181165,77.75217698151167
Premium 2 BHK in Silicon Suburbs,"₹ 4,164,031 /- Only",1212 Sq-Ft,2 BHK,Silicon Suburbs,12.93515746278396,77.63431205994097
Premium 4 BHK in Downtown Core,"₹ 14,444,807 /- Only",2887 Sq-Ft,4 BHK,Downtown Core,12.982972206119952,77.60601601201034
Premium 1 BHK in Downtown Core,"₹ 3,501,844 /- Only",718 Sq-Ft,1 BHK,Downtown Core,12.97301645298704,77.59750294203867
Premium 4 BHK in Silicon Suburbs,"₹ 9,160,840 /- Only",2715 Sq-Ft,4 BHK,Silicon Suburbs,12.931009361456049,77.61983060031388
Premium 3 BHK in Greenwood Valley,"₹ 5,900,243 /- Only",1685 Sq-Ft,3 BHK,Greenwood Valley,12.992606833223775,77.73811870136606
Premium 2 BHK in Downtown Core,"₹ 7,200,716 /- Only",1397 Sq-Ft,2 BHK,Downtown Core,12.966367050003626,77.5963927701244
Premium 4 BHK in Silicon Suburbs,"₹ 8,318,377 /- Only",2387 Sq-Ft,4 BHK,Silicon Suburbs,12.921385138331306,77.61576181649372
Premium 2 BHK in Silicon Suburbs,"₹ 4,535,604 /- Only",1380 Sq-Ft,2 BHK,Silicon Suburbs,12.930934413780477,77.6324515303003
Premium 2 BHK in Riverside Estates,"₹ 4,368,775 /- Only",1272 Sq-Ft,2 BHK,Riverside Estates,13.039267017556567,77.5437245279649
Premium 3 BHK in Silicon Suburbs,"₹ 6,978,749 /- Only",2101 Sq-Ft,3 BHK,Silicon Suburbs,12.916888413998985,77.62742293850619
Premium 4 BHK in Silicon Suburbs,"₹ 7,675,978 /- Only",2211 Sq-Ft,4 BHK,Silicon Suburbs,12.92190643636571,77.62690835259335
Premium 3 BHK in Downtown Core,"₹ 10,941,988 /- Only",2197 Sq-Ft,3 BHK,Downtown Core,12.964837315599326,77.5974041948014
Premium 1 BHK in Riverside Estates,"₹ 2,052,985 /- Only",586 Sq-Ft,1 BHK,Riverside Estates,13.034443752173235,77.5314280433661
Premium 4 BHK in Riverside Estates,"₹ 8,253,312 /- Only",2406 Sq-Ft,4 BHK,Riverside Estates,13.01905868732212,77.53035342180782
Premium 4 BHK in Greenwood Valley,"₹ 9,066,498 /- Only",2619 Sq-Ft,4 BHK,Greenwood Valley,12.992337818359067,77.74893780997564
Premium 1 BHK in Greenwood Valley,"₹ 2,363,855 /- Only",745 Sq-Ft,1 BHK,Greenwood Valley,12.977037054502894,77.74411771090664
Premium 1 BHK in Greenwood Valley,"₹ 2,314,224 /- Only",725 Sq-Ft,1 BHK,Greenwood Valley,12.97770900507675,77.75945034786668
Premium 1 BHK in Greenwood Valley,"₹ 2,046,427 /- Only",621 Sq-Ft,1 BHK,Greenwood Valley,12.988519248381452,77.75822757934475
Premium 3 BHK in Downtown Core,"₹ 10,721,597 /- Only",2085 Sq-Ft,3 BHK,Downtown Core,12.971203708623456,77.59711948183146
Premium 3 BHK in Downtown Core,"₹ 8,918,363 /- Only",1710 Sq-Ft,3 BHK,Downtown Core,12.96600891987263,77.60586279167298
Premium 2 BHK in Silicon Suburbs,"₹ 4,580,538 /- Only",1348 Sq-Ft,2 BHK,Silicon Suburbs,12.931680395043411,77.63276259018252
Premium 2 BHK in Silicon Suburbs,"₹ 3,955,121 /- Only",1087 Sq-Ft,2 BHK,Silicon Suburbs,12.925253263796314,77.6253374695603
Premium 2 BHK in Downtown Core,"₹ 6,391,239 /- Only",1221 Sq-Ft,2 BHK,Downtown Core,12.972318227872348,77.59608811432331
Premium 3 BHK in Riverside Estates,"₹ 6,183,433 /- Only",1803 Sq-Ft,3 BHK,Riverside Estates,13.021404067572762,77.55130821153315
Premium 4 BHK in Greenwood Valley,"₹ 9,079,276 /- Only",2722 Sq-Ft,4 BHK,Greenwood Valley,12.98323047135144,77.75590819803196
Premium 2 BHK in Riverside Estates,"₹ 4,445,706 /- Only",1285 Sq-Ft,2 BHK,Riverside Estates,13.040109912014572,77.5454859825055
Premium 3 BHK in Greenwood Valley,"₹ 6,001,079 /- Only",1707 Sq-Ft,3 BHK,Greenwood Valley,12.987371710737946,77.74287491451912
Premium 1 BHK in Greenwood Valley,"₹ 1,993,304 /- Only",533 Sq-Ft,1 BHK,Greenwood Valley,12.98916531787956,77.75336961854086
Premium 1 BHK in Riverside Estates,"₹ 2,227,647 /- Only",694 Sq-Ft,1 BHK,Riverside Estates,13.035515934613553,77.53041726042454
Premium 3 BHK in Riverside Estates,"₹ 7,165,556 /- Only",2117 Sq-Ft,3 BHK,Riverside Estates,13.02697768355385,77.53958888058165
Premium 4 BHK in Silicon Suburbs,"₹ 7,893,527 /- Only",2240 Sq-Ft,4 BHK,Silicon Suburbs,12.931076295774504,77.62501557193485
Premium 2 BHK in Silicon Suburbs,"₹ 4,647,380 /- Only",1416 Sq-Ft,2 BHK,Silicon Suburbs,12.934175118079741,77.63206763611029
Premium 3 BHK in Greenwood Valley,"₹ 6,217,793 /- Only",1840 Sq-Ft,3 BHK,Greenwood Valley,12.989347928949314,77.76002238882381
Premium 4 BHK in Riverside Estates,"₹ 7,996,225 /- Only",2240 Sq-Ft,4 BHK,Riverside Estates,13.03563814848034,77.55198233577144
Premium 3 BHK in Greenwood Valley,"₹ 6,473,384 /- Only",1876 Sq-Ft,3 BHK,Greenwood Valley,12.970833684530694,77.76179413446717
Premium 2 BHK in Riverside Estates,"₹ 4,602,411 /- Only",1309 Sq-Ft,2 BHK,Riverside Estates,13.023032219631284,77.546569995883
Premium 2 BHK in Greenwood Valley,"₹ 4,444,953 /- Only",1253 Sq-Ft,2 BHK,Greenwood Valley,12.97663874142729,77.75258995339495
Premium 3 BHK in Downtown Core,"₹ 11,108,809 /- Only",2202 Sq-Ft,3 BHK,Downtown Core,12.97797429582799,77.58611736571541
Premium 4 BHK in Riverside Estates,"₹ 8,217,298 /- Only",2341 Sq-Ft,4 BHK,Riverside Estates,13.039386993533657,77.54682537174301
Premium 3 BHK in Riverside Estates,"₹ 6,924,562 /- Only",2014 Sq-Ft,3 BHK,Riverside Estates,13.018380145399584,77.53042972946872
Premium 2 BHK in Downtown Core,"₹ 7,511,841 /- Only",1474 Sq-Ft,2 BHK,Downtown Core,12.959723237877482,77.59202384690545
Premium 3 BHK in Silicon Suburbs,"₹ 7,358,760 /- Only",2212 Sq-Ft,3 BHK,Silicon Suburbs,12.917323088264748,77.61965401829191
Premium 3 BHK in Riverside Estates,"₹ 6,679,973 /- Only",1947 Sq-Ft,3 BHK,Riverside Estates,13.024692188167288,77.54529589697475
Premium 2 BHK in Riverside Estates,"₹ 4,456,885 /- Only",1320 Sq-Ft,2 BHK,Riverside Estates,13.039615842058051,77.54514416257877
Premium 3 BHK in Silicon Suburbs,"₹ 6,999,108 /- Only",2105 Sq-Ft,3 BHK,Silicon Suburbs,12.919870130883329,77.63521880149239
Premium 1 BHK in Silicon Suburbs,"₹ 2,479,945 /- Only",792 Sq-Ft,1 BHK,Silicon Suburbs,12.917923866428408,77.6220721044656
Premium 3 BHK in Greenwood Valley,"₹ 7,411,371 /- Only",2170 Sq-Ft,3 BHK,Greenwood Valley,12.982045811124966,77.75054113639557
Premium 3 BHK in Downtown Core,"₹ 10,339,592 /- Only",2006 Sq-Ft,3 BHK,Downtown Core,12.965227356817442,77.59562871608723
Premium 2 BHK in Silicon Suburbs,"₹ 5,047,592 /- Only",1507 Sq-Ft,2 BHK,Silicon Suburbs,12.922044749811569,77.63273163102795
Premium 1 BHK in Silicon Suburbs,"₹ 2,342,823 /- Only",702 Sq-Ft,1 BHK,Silicon Suburbs,12.927766052565193,77.63694911675299
Premium 3 BHK in Riverside Estates,"₹ 6,853,920 /- Only",2041 Sq-Ft,3 BHK,Riverside Estates,13.036468160919313,77.54982914125223
Premium 3 BHK in Downtown Core,"₹ 10,059,151 /- Only",1971 Sq-Ft,3 BHK,Downtown Core,12.980531814486678,77.59034683794995
Premium 1 BHK in Riverside Estates,"₹ 1,912,022 /- Only",580 Sq-Ft,1 BHK,Riverside Estates,13.027935385835999,77.53316309291615
Premium 1 BHK in Greenwood Valley,"₹ 2,027,225 /- Only",626 Sq-Ft,1 BHK,Greenwood Valley,12.982731709725476,77.74883678212267
Premium 3 BHK in Downtown Core,"₹ 8,948,971 /- Only",1710 Sq-Ft,3 BHK,Downtown Core,12.973201598262625,77.59797838809172
Premium 4 BHK in Riverside Estates,"₹ 9,245,434 /- Only",2717 Sq-Ft,4 BHK,Riverside Estates,13.033002620360303,77.53243596556464
Premium 2 BHK in Greenwood Valley,"₹ 4,169,511 /- Only",1213 Sq-Ft,2 BHK,Greenwood Valley,12.981754871562629,77.75346287502119
Premium 1 BHK in Greenwood Valley,"₹ 2,225,647 /- Only",624 Sq-Ft,1 BHK,Greenwood Valley,12.991738143562868,77.75811843692445
Premium 3 BHK in Riverside Estates,"₹ 6,662,764 /- Only",1993 Sq-Ft,3 BHK,Riverside Estates,13.033303066530165,77.53639656120616
Premium 1 BHK in Downtown Core,"₹ 3,610,781 /- Only",716 Sq-Ft,1 BHK,Downtown Core,12.972645450741698,77.60282991186901
Premium 1 BHK in Silicon Suburbs,"₹ 2,446,801 /- Only",679 Sq-Ft,1 BHK,Silicon Suburbs,12.922686140310402,77.63023268353385
Premium 2 BHK in Silicon Suburbs,"₹ 4,057,317 /- Only",1144 Sq-Ft,2 BHK,Silicon Suburbs,12.926711974490686,77.6284968445257
Premium 4 BHK in Riverside Estates,"₹ 9,106,457 /- Only",2712 Sq-Ft,4 BHK,Riverside Estates,13.021284595160253,77.55222572471966
Premium 3 BHK in Downtown Core,"₹ 9,375,327 /- Only",1801 Sq-Ft,3 BHK,Downtown Core,12.96251501498569,77.59274196210617
Premium 2 BHK in Silicon Suburbs,"₹ 4,349,992 /- Only",1257 Sq-Ft,2 BHK,Silicon Suburbs,12.931868537486288,77.61725975797141
Premium 2 BHK in Greenwood Valley,"₹ 4,673,262 /- Only",1406 Sq-Ft,2 BHK,Greenwood Valley,12.978332817084251,77.73922716681598
Premium 1 BHK in Downtown Core,"₹ 2,959,437 /- Only",558 Sq-Ft,1 BHK,Downtown Core,12.979211464782898,77.58535572820445
Premium 2 BHK in Silicon Suburbs,"₹ 4,175,694 /- Only",1172 Sq-Ft,2 BHK,Silicon Suburbs,12.923836508095878,77.62516241530406
Premium 4 BHK in Greenwood Valley,"₹ 8,751,256 /- Only",2515 Sq-Ft,4 BHK,Greenwood Valley,12.979499495687097,77.75563382184848
Premium 4 BHK in Downtown Core,"₹ 12,119,242 /- Only",2329 Sq-Ft,4 BHK,Downtown Core,12.976736373006416,77.59745852928822
Premium 2 BHK in Silicon Suburbs,"₹ 4,521,233 /- Only",1341 Sq-Ft,2 BHK,Silicon Suburbs,12.920456779468504,77.63295353710403
Premium 4 BHK in Greenwood Valley,"₹ 8,858,961 /- Only",2543 Sq-Ft,4 BHK,Greenwood Valley,12.992180829318789,77.75957934234908
Premium 2 BHK in Downtown Core,"₹ 6,297,484 /- Only",1197 Sq-Ft,2 BHK,Downtown Core,12.967327164044493,77.60513124034696
Premium 4 BHK in Greenwood Valley,"₹ 8,922,156 /- Only",2606 Sq-Ft,4 BHK,Greenwood Valley,12.987701060907241,77.7554050776482
Premium 1 BHK in Downtown Core,"₹ 3,120,335 /- Only",583 Sq-Ft,1 BHK,Downtown Core,12.969328836124067,77.58886988900322
Premium 4 BHK in Downtown Core,"₹ 13,109,804 /- Only",2558 Sq-Ft,4 BHK,Downtown Core,12.97437004547543,77.6032372044978
Premium 1 BHK in Silicon Suburbs,"₹ 2,331,469 /- Only",697 Sq-Ft,1 BHK,Silicon Suburbs,12.939888939130357,77.63392726868386
Premium 2 BHK in Silicon Suburbs,"₹ 4,114,087 /- Only",1218 Sq-Ft,2 BHK,Silicon Suburbs,12.922775941695116,77.62492668964693
Premium 4 BHK in Downtown Core,"₹ 13,840,518 /- Only",2722 Sq-Ft,4 BHK,Downtown Core,12.979591720721293,77.5876251778729
Premium 1 BHK in Riverside Estates,"₹ 2,145,037 /- Only",629 Sq-Ft,1 BHK,Riverside Estates,13.021630856375788,77.53163367530722
Premium 4 BHK in Riverside Estates,"₹ 8,376,114 /- Only",2445 Sq-Ft,4 BHK,Riverside Estates,13.033950751422518,77.5529198892705
Premium 2 BHK in Riverside Estates,"₹ 4,500,490 /- Only",1349 Sq-Ft,2 BHK,Riverside Estates,13.038513104695147,77.53258196127013
Premium 4 BHK in Silicon Suburbs,"₹ 9,101,104 /- Only",2687 Sq-Ft,4 BHK,Silicon Suburbs,12.938504294192844,77.62627993660342
Premium 1 BHK in Downtown Core,"₹ 3,366,001 /- Only",646 Sq-Ft,1 BHK,Downtown Core,12.959604247498852,77.5886109112994
Premium 3 BHK in Greenwood Valley,"₹ 6,333,448 /- Only",1840 Sq-Ft,3 BHK,Greenwood Valley,12.987273091031295,77.75526675124038
Premium 4 BHK in Downtown Core,"₹ 11,794,536 /- Only",2296 Sq-Ft,4 BHK,Downtown Core,12.971280733296732,77.602674429961
Premium 4 BHK in Riverside Estates,"₹ 9,350,244 /- Only",2729 Sq-Ft,4 BHK,Riverside Estates,13.016812483132853,77.54811445894755
Premium 3 BHK in Riverside Estates,"₹ 5,701,987 /- Only",1655 Sq-Ft,3 BHK,Riverside Estates,13.039563876793997,77.52980024286393
Premium 2 BHK in Greenwood Valley,"₹ 4,741,176 /- Only",1424 Sq-Ft,2 BHK,Greenwood Valley,12.9902722182501,77.74099535928167
Premium 1 BHK in Downtown Core,"₹ 3,506,335 /- Only",684 Sq-Ft,1 BHK,Downtown Core,12.982670533347783,77.58490300052456
Premium 4 BHK in Downtown Core,"₹ 11,668,099 /- Only",2270 Sq-Ft,4 BHK,Downtown Core,12.979614746661284,77.58334125782777
Premium 3 BHK in Greenwood Valley,"₹ 6,209,503 /- Only",1771 Sq-Ft,3 BHK,Greenwood Valley,12.978581129431342,77.75585069072912
Premium 2 BHK in Silicon Suburbs,"₹ 4,400,368 /- Only",1241 Sq-Ft,2 BHK,Silicon Suburbs,12.929434873690354,77.62877134366748
Premium 2 BHK in Silicon Suburbs,"₹ 3,958,375 /- Only",1111 Sq-Ft,2 BHK,Silicon Suburbs,12.923021976840712,77.63281409542722
Premium 1 BHK in Silicon Suburbs,"₹ 2,422,729 /- Only",721 Sq-Ft,1 BHK,Silicon Suburbs,12.936794729915844,77.63102849152874
Premium 3 BHK in Downtown Core,"₹ 9,543,660 /- Only",1872 Sq-Ft,3 BHK,Downtown Core,12.96777716114148,77.60610666047583
Premium 1 BHK in Riverside Estates,"₹ 2,357,953 /- Only",682 Sq-Ft,1 BHK,Riverside Estates,13.028993165837715,77.53482525686528
Premium 1 BHK in Greenwood Valley,"₹ 2,508,799 /- Only",752 Sq-Ft,1 BHK,Greenwood Valley,12.979645531544055,77.74605022619424
Premium 4 BHK in Greenwood Valley,"₹ 8,291,285 /- Only",2408 Sq-Ft,4 BHK,Greenwood Valley,12.978330236762497,77.74410379357579
Premium 1 BHK in Downtown Core,"₹ 3,372,321 /- Only",653 Sq-Ft,1 BHK,Downtown Core,12.97185058534806,77.58981319799543
Premium 1 BHK in Greenwood Valley,"₹ 2,414,972 /- Only",719 Sq-Ft,1 BHK,Greenwood Valley,12.988200002459786,77.75868384797154
Premium 1 BHK in Downtown Core,"₹ 3,505,735 /- Only",685 Sq-Ft,1 BHK,Downtown Core,12.962418282362636,77.5941656953529
Premium 3 BHK in Greenwood Valley,"₹ 6,797,565 /- Only",1954 Sq-Ft,3 BHK,Greenwood Valley,12.987085363602196,77.75881314542875
Premium 4 BHK in Silicon Suburbs,"₹ 8,983,646 /- Only",2602 Sq-Ft,4 BHK,Silicon Suburbs,12.937270630440889,77.63637618402709
Premium 3 BHK in Riverside Estates,"₹ 6,678,955 /- Only",1950 Sq-Ft,3 BHK,Riverside Estates,13.034002992596735,77.54324508778888
Premium 4 BHK in Silicon Suburbs,"₹ 8,531,511 /- Only",2437 Sq-Ft,4 BHK,Silicon Suburbs,12.92730739325356,77.62377239833285
Premium 1 BHK in Downtown Core,"₹ 2,943,284 /- Only",582 Sq-Ft,1 BHK,Downtown Core,12.96711309393752,77.59821683846403
Premium 4 BHK in Silicon Suburbs,"₹ 8,360,512 /- Only",2435 Sq-Ft,4 BHK,Silicon Suburbs,12.923880923063171,77.63337725403989
Premium 3 BHK in Riverside Estates,"₹ 6,048,506 /- Only",1698 Sq-Ft,3 BHK,Riverside Estates,13.033971968986052,77.53793320861668
Premium 2 BHK in Riverside Estates,"₹ 4,507,868 /- Only",1309 Sq-Ft,2 BHK,Riverside Estates,13.017553956766031,77.55027508834287
Premium 2 BHK in Greenwood Valley,"₹ 4,999,541 /- Only",1522 Sq-Ft,2 BHK,Greenwood Valley,12.981792595710576,77.74062259439756
Premium 4 BHK in Greenwood Valley,"₹ 8,222,491 /- Only",2342 Sq-Ft,4 BHK,Greenwood Valley,12.990257607421803,77.752665692777
Premium 2 BHK in Greenwood Valley,"₹ 4,627,295 /- Only",1411 Sq-Ft,2 BHK,Greenwood Valley,12.990701716358323,77.75627450919644
Premium 4 BHK in Silicon Suburbs,"₹ 9,761,390 /- Only",2919 Sq-Ft,4 BHK,Silicon Suburbs,12.939502986198365,77.63342555746233
Premium 4 BHK in Greenwood Valley,"₹ 9,164,984 /- Only",2705 Sq-Ft,4 BHK,Greenwood Valley,12.987368217249339,77.75670106641189
Premium 2 BHK in Riverside Estates,"₹ 4,918,754 /- Only",1518 Sq-Ft,2 BHK,Riverside Estates,13.032202166698278,77.53939035399142
Premium 2 BHK in Greenwood Valley,"₹ 4,511,720 /- Only",1291 Sq-Ft,2 BHK,Greenwood Valley,12.985108716640875,77.74566751864933
Premium 2 BHK in Silicon Suburbs,"₹ 4,862,059 /- Only",1458 Sq-Ft,2 BHK,Silicon Suburbs,12.935346913864475,77.61549515200666
Premium 1 BHK in Silicon Suburbs,"₹ 2,246,641 /- Only",676 Sq-Ft,1 BHK,Silicon Suburbs,12.920687486470552,77.62287077474235
Premium 1 BHK in Greenwood Valley,"₹ 2,063,145 /- Only",582 Sq-Ft,1 BHK,Greenwood Valley,12.986658988800833,77.75919650812314
Premium 2 BHK in Silicon Suburbs,"₹ 4,585,242 /- Only",1387 Sq-Ft,2 BHK,Silicon Suburbs,12.919121931746638,77.62528724954096
Premium 2 BHK in Greenwood Valley,"₹ 4,383,712 /- Only",1281 Sq-Ft,2 BHK,Greenwood Valley,12.988496768431846,77.75702797688369
Premium 4 BHK in Riverside Estates,"₹ 9,839,131 /- Only",2916 Sq-Ft,4 BHK,Riverside Estates,13.026952052378014,77.54759896451219
Premium 1 BHK in Silicon Suburbs,"₹ 1,881,217 /- Only",567 Sq-Ft,1 BHK,Silicon Suburbs,12.937391091793186,77.6331287093113
Premium 2 BHK in Silicon Suburbs,"₹ 4,723,674 /- Only",1398 Sq-Ft,2 BHK,Silicon Suburbs,12.929401087097286,77.6293745721512
Premium 2 BHK in Riverside Estates,"₹ 4,537,554 /- Only",1372 Sq-Ft,2 BHK,Riverside Estates,13.038125557141235,77.55155478133815
Premium 2 BHK in Downtown Core,"₹ 6,362,664 /- Only",1233 Sq-Ft,2 BHK,Downtown Core,12.9794332268573,77.59165465334569
Premium 3 BHK in Greenwood Valley,"₹ 6,350,754 /- Only",1803 Sq-Ft,3 BHK,Greenwood Valley,12.974307660221918,77.7501210997171
Premium 4 BHK in Downtown Core,"₹ 14,241,543 /- Only",2801 Sq-Ft,4 BHK,Downtown Core,12.982531897550047,77.58688533695843
Premium 3 BHK in Downtown Core,"₹ 10,060,905 /- Only",1993 Sq-Ft,3 BHK,Downtown Core,12.980406802173041,77.60113780182905
Premium 2 BHK in Downtown Core,"₹ 7,312,811 /- Only",1475 Sq-Ft,2 BHK,Downtown Core,12.967142441842974,77.58864655020794
Premium 3 BHK in Downtown Core,"₹ 9,568,290 /- Only",1889 Sq-Ft,3 BHK,Downtown Core,12.969911376861551,77.60045588709681
Premium 3 BHK in Greenwood Valley,"₹ 6,829,494 /- Only",1989 Sq-Ft,3 BHK,Greenwood Valley,12.971381470274483,77.76099389771063
Premium 3 BHK in Downtown Core,"₹ 10,042,974 /- Only",1944 Sq-Ft,3 BHK,Downtown Core,12.98241662846102,77.59641043700488
Premium 3 BHK in Silicon Suburbs,"₹ 7,117,512 /- Only",2062 Sq-Ft,3 BHK,Silicon Suburbs,12.92047680554709,77.62394958280655
Premium 2 BHK in Greenwood Valley,"₹ 4,095,008 /- Only",1212 Sq-Ft,2 BHK,Greenwood Valley,12.981429225750219,77.74296988375303
Premium 1 BHK in Downtown Core,"₹ 3,238,453 /- Only",611 Sq-Ft,1 BHK,Downtown Core,12.961394630866646,77.59080353388889
Premium 4 BHK in Downtown Core,"₹ 15,151,568 /- Only",3010 Sq-Ft,4 BHK,Downtown Core,12.960879907604857,77.60630927195625
Premium 2 BHK in Riverside Estates,"₹ 4,281,242 /- Only",1265 Sq-Ft,2 BHK,Riverside Estates,13.028416046830637,77.53952677702179
Premium 3 BHK in Riverside Estates,"₹ 6,221,698 /- Only",1764 Sq-Ft,3 BHK,Riverside Estates,13.035352515545501,77.54535621441916
Premium 3 BHK in Riverside Estates,"₹ 5,820,627 /- Only",1687 Sq-Ft,3 BHK,Riverside Estates,13.036613335356668,77.54428824340215
Premium 2 BHK in Riverside Estates,"₹ 3,941,920 /- Only",1138 Sq-Ft,2 BHK,Riverside Estates,13.029855280824039,77.55308284343414
Premium 2 BHK in Riverside Estates,"₹ 4,309,523 /- Only",1218 Sq-Ft,2 BHK,Riverside Estates,13.034506902077382,77.5528744022961
Premium 1 BHK in Downtown Core,"₹ 3,129,939 /- Only",601 Sq-Ft,1 BHK,Downtown Core,12.96930177940582,77.58456111296269
Premium 4 BHK in Greenwood Valley,"₹ 9,901,797 /- Only",2957 Sq-Ft,4 BHK,Greenwood Valley,12.973392910311615,77.75839796463185
Premium 4 BHK in Downtown Core,"₹ 12,508,813 /- Only",2437 Sq-Ft,4 BHK,Downtown Core,12.979702315514047,77.58302002659302
Premium 3 BHK in Silicon Suburbs,"₹ 6,148,293 /- Only",1798 Sq-Ft,3 BHK,Silicon Suburbs,12.936521254487308,77.62240893567933
Premium 1 BHK in Silicon Suburbs,"₹ 2,051,513 /- Only",590 Sq-Ft,1 BHK,Silicon Suburbs,12.92187637047372,77.62941405472469
Premium 3 BHK in Downtown Core,"₹ 9,598,652 /- Only",1882 Sq-Ft,3 BHK,Downtown Core,12.968042423844693,77.59138508039241
Premium 3 BHK in Riverside Estates,"₹ 7,018,349 /- Only",2054 Sq-Ft,3 BHK,Riverside Estates,13.038954072194187,77.53100371641347
Premium 4 BHK in Greenwood Valley,"₹ 8,926,534 /- Only",2664 Sq-Ft,4 BHK,Greenwood Valley,12.9843136713485,77.74210446292906
Premium 2 BHK in Downtown Core,"₹ 6,272,605 /- Only",1207 Sq-Ft,2 BHK,Downtown Core,12.972716770152807,77.60483442049514
Premium 4 BHK in Silicon Suburbs,"₹ 9,337,534 /- Only",2726 Sq-Ft,4 BHK,Silicon Suburbs,12.929844127021617,77.63872132520538
Premium 1 BHK in Silicon Suburbs,"₹ 2,420,949 /- Only",768 Sq-Ft,1 BHK,Silicon Suburbs,12.93647375562403,77.63367772263386
Premium 1 BHK in Greenwood Valley,"₹ 2,629,430 /- Only",750 Sq-Ft,1 BHK,Greenwood Valley,12.982234007311654,77.74588656497836
Premium 3 BHK in Silicon Suburbs,"₹ 6,221,008 /- Only",1841 Sq-Ft,3 BHK,Silicon Suburbs,12.923755359993933,77.63232296297217
Premium 4 BHK in Downtown Core,"₹ 13,089,996 /- Only",2577 Sq-Ft,4 BHK,Downtown Core,12.963709819521767,77.59885575134933
Premium 1 BHK in Silicon Suburbs,"₹ 2,428,634 /- Only",709 Sq-Ft,1 BHK,Silicon Suburbs,12.932666952140956,77.63131617406626
Premium 3 BHK in Riverside Estates,"₹ 6,463,192 /- Only",1854 Sq-Ft,3 BHK,Riverside Estates,13.030777838251833,77.53589543189523
Premium 3 BHK in Downtown Core,"₹ 11,425,733 /- Only",2266 Sq-Ft,3 BHK,Downtown Core,12.962820814061917,77.59013956421973
Premium 4 BHK in Silicon Suburbs,"₹ 9,083,376 /- Only",2718 Sq-Ft,4 BHK,Silicon Suburbs,12.917013920447976,77.61918988653599
Premium 1 BHK in Downtown Core,"₹ 3,605,769 /- Only",692 Sq-Ft,1 BHK,Downtown Core,12.961385810379626,77.5873133818684
Premium 4 BHK in Silicon Suburbs,"₹ 10,031,647 /- Only",2991 Sq-Ft,4 BHK,Silicon Suburbs,12.929686568643653,77.62977921204472
Premium 1 BHK in Riverside Estates,"₹ 2,250,096 /- Only",674 Sq-Ft,1 BHK,Riverside Estates,13.020132674687614,77.54284608564328
Premium 3 BHK in Greenwood Valley,"₹ 6,729,285 /- Only",1923 Sq-Ft,3 BHK,Greenwood Valley,12.99033785984716,77.74813502340798
Premium 3 BHK in Silicon Suburbs,"₹ 6,723,035 /- Only",1995 Sq-Ft,3 BHK,Silicon Suburbs,12.921321091765765,77.63465335379168
Premium 4 BHK in Riverside Estates,"₹ 9,571,447 /- Only",2827 Sq-Ft,4 BHK,Riverside Estates,13.023799632509286,77.5525375217154
Premium 4 BHK in Riverside Estates,"₹ 7,841,599 /- Only",2266 Sq-Ft,4 BHK,Riverside Estates,13.035892881599448,77.54344265643815
Premium 4 BHK in Silicon Suburbs,"₹ 7,782,079 /- Only",2221 Sq-Ft,4 BHK,Silicon Suburbs,12.937021991049766,77.63688939703185
Premium 4 BHK in Greenwood Valley,"₹ 8,439,481 /- Only",2463 Sq-Ft,4 BHK,Greenwood Valley,12.974502032076929,77.76168451574551
Premium 2 BHK in Downtown Core,"₹ 6,585,700 /- Only",1290 Sq-Ft,2 BHK,Downtown Core,12.970532259379901,77.59300474267864
Premium 2 BHK in Silicon Suburbs,"₹ 4,069,226 /- Only",1119 Sq-Ft,2 BHK,Silicon Suburbs,12.927159242783432,77.62382654958155
Premium 3 BHK in Downtown Core,"₹ 10,807,684 /- Only",2140 Sq-Ft,3 BHK,Downtown Core,12.971913082207154,77.59029049287938
Premium 1 BHK in Silicon Suburbs,"₹ 2,106,975 /- Only",599 Sq-Ft,1 BHK,Silicon Suburbs,12.923762949634243,77.61825640026093
Premium 4 BHK in Silicon Suburbs,"₹ 9,221,601 /- Only",2677 Sq-Ft,4 BHK,Silicon Suburbs,12.939013640676034,77.62041602479322
Premium 2 BHK in Downtown Core,"₹ 6,317,744 /- Only",1222 Sq-Ft,2 BHK,Downtown Core,12.983411720969622,77.58694225445751
Premium 3 BHK in Downtown Core,"₹ 9,456,461 /- Only",1847 Sq-Ft,3 BHK,Downtown Core,12.974285689298169,77.58399806834618
Premium 2 BHK in Downtown Core,"₹ 6,941,165 /- Only",1373 Sq-Ft,2 BHK,Downtown Core,12.978034239417514,77.58864425315089
Premium 2 BHK in Greenwood Valley,"₹ 3,891,001 /- Only",1103 Sq-Ft,2 BHK,Greenwood Valley,12.9811913335878,77.74795514259414
Premium 4 BHK in Silicon Suburbs,"₹ 9,656,778 /- Only",2828 Sq-Ft,4 BHK,Silicon Suburbs,12.931052876825099,77.62691943371017
Premium 2 BHK in Downtown Core,"₹ 6,044,287 /- Only",1177 Sq-Ft,2 BHK,Downtown Core,12.97034339241607,77.58792718302664
Premium 3 BHK in Riverside Estates,"₹ 7,237,322 /- Only",2198 Sq-Ft,3 BHK,Riverside Estates,13.033270178561883,77.54403466404975
Premium 2 BHK in Riverside Estates,"₹ 4,321,630 /- Only",1227 Sq-Ft,2 BHK,Riverside Estates,13.025732515236053,77.5436449637591
Premium 2 BHK in Silicon Suburbs,"₹ 3,890,473 /- Only",1121 Sq-Ft,2 BHK,Silicon Suburbs,12.931921465191069,77.63293174759993
Premium 4 BHK in Silicon Suburbs,"₹ 8,724,888 /- Only",2493 Sq-Ft,4 BHK,Silicon Suburbs,12.937136744945843,77.62908365199232
Premium 2 BHK in Greenwood Valley,"₹ 4,738,463 /- Only",1389 Sq-Ft,2 BHK,Greenwood Valley,12.98516226225259,77.76035358221566
Premium 3 BHK in Greenwood Valley,"₹ 7,627,440 /- Only",2247 Sq-Ft,3 BHK,Greenwood Valley,12.973802761619256,77.74591779211747
Premium 2 BHK in Downtown Core,"₹ 6,989,749 /- Only",1400 Sq-Ft,2 BHK,Downtown Core,12.978115707678706,77.59704670972835
Premium 2 BHK in Downtown Core,"₹ 5,564,480 /- Only",1091 Sq-Ft,2 BHK,Downtown Core,12.98283715908837,77.59689203386246
Premium 1 BHK in Silicon Suburbs,"₹ 2,062,756 /- Only",613 Sq-Ft,1 BHK,Silicon Suburbs,12.9371402730141,77.63136808445562
Premium 4 BHK in Riverside Estates,"₹ 8,758,942 /- Only",2516 Sq-Ft,4 BHK,Riverside Estates,13.025230312777008,77.5391616588002
Premium 3 BHK in Riverside Estates,"₹ 6,539,464 /- Only",1945 Sq-Ft,3 BHK,Riverside Estates,13.03063594046442,77.53196607071787
Premium 1 BHK in Downtown Core,"₹ 3,623,571 /- Only",689 Sq-Ft,1 BHK,Downtown Core,12.973977104554116,77.59641772811223
Premium 2 BHK in Downtown Core,"₹ 6,643,122 /- Only",1273 Sq-Ft,2 BHK,Downtown Core,12.962554581741252,77.58291798398733
Premium 4 BHK in Riverside Estates,"₹ 9,795,879 /- Only",2942 Sq-Ft,4 BHK,Riverside Estates,13.038869654794208,77.53218961029042
Premium 2 BHK in Downtown Core,"₹ 5,845,108 /- Only",1136 Sq-Ft,2 BHK,Downtown Core,12.965597698341913,77.59823357633739
Premium 1 BHK in Greenwood Valley,"₹ 2,208,003 /- Only",633 Sq-Ft,1 BHK,Greenwood Valley,12.98804541102271,77.74722066147639
Premium 1 BHK in Silicon Suburbs,"₹ 2,415,263 /- Only",682 Sq-Ft,1 BHK,Silicon Suburbs,12.93682316294674,77.63909175761943
Premium 3 BHK in Greenwood Valley,"₹ 7,465,684 /- Only",2192 Sq-Ft,3 BHK,Greenwood Valley,12.976423372846561,77.75213135032818
Premium 4 BHK in Silicon Suburbs,"₹ 8,206,409 /- Only",2306 Sq-Ft,4 BHK,Silicon Suburbs,12.92130546786745,77.62539855295783
Premium 2 BHK in Silicon Suburbs,"₹ 4,868,252 /- Only",1415 Sq-Ft,2 BHK,Silicon Suburbs,12.934614257432143,77.62215183744554
Premium 3 BHK in Downtown Core,"₹ 9,817,355 /- Only",1898 Sq-Ft,3 BHK,Downtown Core,12.975484578966313,77.60606086637297
Premium 2 BHK in Downtown Core,"₹ 6,430,473 /- Only",1241 Sq-Ft,2 BHK,Downtown Core,12.979324577051997,77.59801047751252
Premium 4 BHK in Downtown Core,"₹ 11,629,132 /- Only",2210 Sq-Ft,4 BHK,Downtown Core,12.97927923378239,77.58284399691624
Premium 4 BHK in Downtown Core,"₹ 11,888,994 /- Only",2303 Sq-Ft,4 BHK,Downtown Core,12.983312132863308,77.596237599343
Premium 4 BHK in Downtown Core,"₹ 14,469,908 /- Only",2891 Sq-Ft,4 BHK,Downtown Core,12.97172520769872,77.59504360321601
Premium 3 BHK in Silicon Suburbs,"₹ 6,434,760 /- Only",1908 Sq-Ft,3 BHK,Silicon Suburbs,12.920196860421937,77.62184435834267
Premium 2 BHK in Silicon Suburbs,"₹ 3,841,123 /- Only",1098 Sq-Ft,2 BHK,Silicon Suburbs,12.918235909848818,77.63566910508338
Premium 1 BHK in Downtown Core,"₹ 3,190,338 /- Only",603 Sq-Ft,1 BHK,Downtown Core,12.974144748993373,77.59173032638185
Premium 3 BHK in Greenwood Valley,"₹ 7,031,521 /- Only",2074 Sq-Ft,3 BHK,Greenwood Valley,12.993336820607185,77.76107393825072
Premium 1 BHK in Silicon Suburbs,"₹ 2,398,199 /- Only",671 Sq-Ft,1 BHK,Silicon Suburbs,12.939264411249534,77.63649835430573
Premium 4 BHK in Silicon Suburbs,"₹ 9,078,829 /- Only",2660 Sq-Ft,4 BHK,Silicon Suburbs,12.934984838263185,77.61556551829213
Premium 3 BHK in Downtown Core,"₹ 9,972,064 /- Only",1927 Sq-Ft,3 BHK,Downtown Core,12.96525520319947,77.58947128124719
Premium 4 BHK in Downtown Core,"₹ 13,698,913 /- Only",2660 Sq-Ft,4 BHK,Downtown Core,12.977074916202202,77.59088133111646
Premium 3 BHK in Silicon Suburbs,"₹ 6,148,666 /- Only",1718 Sq-Ft,3 BHK,Silicon Suburbs,12.92777526325217,77.62772606378793
Premium 1 BHK in Silicon Suburbs,"₹ 1,815,312 /- Only",540 Sq-Ft,1 BHK,Silicon Suburbs,12.91663281599701,77.6248324340109
Premium 4 BHK in Silicon Suburbs,"₹ 9,726,967 /- Only",2925 Sq-Ft,4 BHK,Silicon Suburbs,12.927451119128522,77.62702859121248
Premium 3 BHK in Riverside Estates,"₹ 6,037,383 /- Only",1711 Sq-Ft,3 BHK,Riverside Estates,13.01776488438206,77.54333688739014
Premium 2 BHK in Riverside Estates,"₹ 4,493,276 /- Only",1348 Sq-Ft,2 BHK,Riverside Estates,13.026112623712477,77.53020331626978
Premium 3 BHK in Greenwood Valley,"₹ 7,358,518 /- Only",2164 Sq-Ft,3 BHK,Greenwood Valley,12.985910404714701,77.74477005884799
Premium 3 BHK in Greenwood Valley,"₹ 6,162,449 /- Only",1803 Sq-Ft,3 BHK,Greenwood Valley,12.987336569870228,77.76144530299841
Premium 4 BHK in Silicon Suburbs,"₹ 9,451,036 /- Only",2758 Sq-Ft,4 BHK,Silicon Suburbs,12.92444496755901,77.61664045609737
Premium 3 BHK in Downtown Core,"₹ 8,838,578 /- Only",1679 Sq-Ft,3 BHK,Downtown Core,12.975080347230652,77.59439097233741
Premium 2 BHK in Greenwood Valley,"₹ 4,214,789 /- Only",1172 Sq-Ft,2 BHK,Greenwood Valley,12.97366110909091,77.74666230207988
Premium 2 BHK in Riverside Estates,"₹ 4,107,423 /- Only",1204 Sq-Ft,2 BHK,Riverside Estates,13.034295913187972,77.5482335335627
Premium 2 BHK in Riverside Estates,"₹ 4,300,611 /- Only",1275 Sq-Ft,2 BHK,Riverside Estates,13.031392839942638,77.53709525844675
Premium 4 BHK in Riverside Estates,"₹ 8,443,567 /- Only",2473 Sq-Ft,4 BHK,Riverside Estates,13.03835990530318,77.54246605556055
Premium 2 BHK in Silicon Suburbs,"₹ 4,536,171 /- Only",1324 Sq-Ft,2 BHK,Silicon Suburbs,12.920619123113156,77.62011186083667
Premium 3 BHK in Greenwood Valley,"₹ 6,303,177 /- Only",1865 Sq-Ft,3 BHK,Greenwood Valley,12.978133656104147,77.73814573552345
Premium 1 BHK in Silicon Suburbs,"₹ 2,397,976 /- Only",660 Sq-Ft,1 BHK,Silicon Suburbs,12.927629502967099,77.63338877456819
Premium 1 BHK in Downtown Core,"₹ 3,417,068 /- Only",688 Sq-Ft,1 BHK,Downtown Core,12.968467508122561,77.59703723002671
Premium 4 BHK in Silicon Suburbs,"₹ 9,379,840 /- Only",2791 Sq-Ft,4 BHK,Silicon Suburbs,12.91665398581647,77.6325673994767
Premium 1 BHK in Downtown Core,"₹ 3,877,275 /- Only",753 Sq-Ft,1 BHK,Downtown Core,12.973866077958446,77.59929176140706
Premium 2 BHK in Downtown Core,"₹ 7,641,081 /- Only",1539 Sq-Ft,2 BHK,Downtown Core,12.982337942625078,77.58801827095537
Premium 4 BHK in Silicon Suburbs,"₹ 7,866,598 /- Only",2270 Sq-Ft,4 BHK,Silicon Suburbs,12.925954645716056,77.62339857132618
Premium 2 BHK in Silicon Suburbs,"₹ 4,047,226 /- Only",1145 Sq-Ft,2 BHK,Silicon Suburbs,12.926874445986241,77.63349670107259
Premium 2 BHK in Silicon Suburbs,"₹ 4,669,071 /- Only",1350 Sq-Ft,2 BHK,Silicon Suburbs,12.931462804693224,77.618957162958
Premium 3 BHK in Silicon Suburbs,"₹ 6,437,636 /- Only",1874 Sq-Ft,3 BHK,Silicon Suburbs,12.927732297393655,77.62100030320394
Premium 2 BHK in Riverside Estates,"₹ 4,649,646 /- Only",1339 Sq-Ft,2 BHK,Riverside Estates,13.036807038124703,77.54345650315048
Premium 2 BHK in Silicon Suburbs,"₹ 4,758,147 /- Only",1447 Sq-Ft,2 BHK,Silicon Suburbs,12.917992919541938,77.6281679689454
Premium 2 BHK in Greenwood Valley,"₹ 4,691,992 /- Only",1416 Sq-Ft,2 BHK,Greenwood Valley,12.97261227581454,77.74101848149623
Premium 2 BHK in Riverside Estates,"₹ 4,392,740 /- Only",1231 Sq-Ft,2 BHK,Riverside Estates,13.039355352659504,77.5433277599042
Premium 2 BHK in Downtown Core,"₹ 6,789,232 /- Only",1359 Sq-Ft,2 BHK,Downtown Core,12.978561900970162,77.59774115628979
Premium 3 BHK in Silicon Suburbs,"₹ 5,870,400 /- Only",1616 Sq-Ft,3 BHK,Silicon Suburbs,12.922701699063838,77.62627815627152
Premium 2 BHK in Silicon Suburbs,"₹ 4,400,867 /- Only",1299 Sq-Ft,2 BHK,Silicon Suburbs,12.92722898026945,77.6310131009125
Premium 2 BHK in Downtown Core,"₹ 6,004,326 /- Only",1184 Sq-Ft,2 BHK,Downtown Core,12.979834941082055,77.60643027408305
Premium 4 BHK in Greenwood Valley,"₹ 8,373,461 /- Only",2468 Sq-Ft,4 BHK,Greenwood Valley,12.992668708992456,77.75642029861824
Premium 2 BHK in Downtown Core,"₹ 6,766,306 /- Only",1312 Sq-Ft,2 BHK,Downtown Core,12.971769813532996,77.59049151592599
Premium 1 BHK in Riverside Estates,"₹ 2,230,817 /- Only",618 Sq-Ft,1 BHK,Riverside Estates,13.01664984338476,77.53837549229992
Premium 2 BHK in Downtown Core,"₹ 5,837,741 /- Only",1121 Sq-Ft,2 BHK,Downtown Core,12.963386705729462,77.60357098548545
Premium 1 BHK in Riverside Estates,"₹ 1,955,807 /- Only",573 Sq-Ft,1 BHK,Riverside Estates,13.02154790247641,77.54209224145409
Premium 4 BHK in Greenwood Valley,"₹ 9,908,488 /- Only",2967 Sq-Ft,4 BHK,Greenwood Valley,12.97969599377054,77.74647097028719
Premium 4 BHK in Downtown Core,"₹ 13,774,045 /- Only",2727 Sq-Ft,4 BHK,Downtown Core,12.980537510137486,77.59527626332876
Premium 1 BHK in Silicon Suburbs,"₹ 2,055,302 /- Only",578 Sq-Ft,1 BHK,Silicon Suburbs,12.935106639184854,77.62927141690034
Premium 1 BHK in Downtown Core,"₹ 3,078,572 /- Only",607 Sq-Ft,1 BHK,Downtown Core,12.964666802715767,77.60068201829804
Premium 2 BHK in Riverside Estates,"₹ 4,117,603 /- Only",1167 Sq-Ft,2 BHK,Riverside Estates,13.01888630637047,77.53837142087272
Premium 1 BHK in Downtown Core,"₹ 3,775,223 /- Only",735 Sq-Ft,1 BHK,Downtown Core,12.962206051992444,77.59544822544136
Premium 2 BHK in Downtown Core,"₹ 6,249,849 /- Only",1178 Sq-Ft,2 BHK,Downtown Core,12.966528502836931,77.58630737491558
Premium 2 BHK in Silicon Suburbs,"₹ 4,842,140 /- Only",1468 Sq-Ft,2 BHK,Silicon Suburbs,12.93868599231664,77.61789918640488
Premium 3 BHK in Riverside Estates,"₹ 7,471,185 /- Only",2253 Sq-Ft,3 BHK,Riverside Estates,13.03423755593031,77.54155380453037
Premium 3 BHK in Silicon Suburbs,"₹ 6,359,167 /- Only",1884 Sq-Ft,3 BHK,Silicon Suburbs,12.937228838257491,77.62015900427694
Premium 4 BHK in Riverside Estates,"₹ 8,897,155 /- Only",2613 Sq-Ft,4 BHK,Riverside Estates,13.019853994918352,77.53038068789304
Premium 2 BHK in Riverside Estates,"₹ 4,323,244 /- Only",1274 Sq-Ft,2 BHK,Riverside Estates,13.036436240943926,77.55163877850954
Premium 4 BHK in Greenwood Valley,"₹ 8,595,053 /- Only",2506 Sq-Ft,4 BHK,Greenwood Valley,12.969962959884782,77.75139376167283
Premium 3 BHK in Downtown Core,"₹ 9,978,066 /- Only",1978 Sq-Ft,3 BHK,Downtown Core,12.959936896724052,77.59388638381388
Premium 2 BHK in Downtown Core,"₹ 7,137,418 /- Only",1383 Sq-Ft,2 BHK,Downtown Core,12.976003553913982,77.58634416625101
Premium 1 BHK in Silicon Suburbs,"₹ 2,132,993 /- Only",646 Sq-Ft,1 BHK,Silicon Suburbs,12.932135749353078,77.63902595296058
Premium 4 BHK in Riverside Estates,"₹ 9,879,534 /- Only",2969 Sq-Ft,4 BHK,Riverside Estates,13.0401164706033,77.53809916032243
Premium 4 BHK in Downtown Core,"₹ 12,412,931 /- Only",2420 Sq-Ft,4 BHK,Downtown Core,12.966132682794505,77.59146994918711
Premium 4 BHK in Downtown Core,"₹ 12,015,564 /- Only",2317 Sq-Ft,4 BHK,Downtown Core,12.961345558925776,77.59047718769176
Premium 3 BHK in Silicon Suburbs,"₹ 7,451,642 /- Only",2237 Sq-Ft,3 BHK,Silicon Suburbs,12.924481211362274,77.62576926032162
Premium 1 BHK in Downtown Core,"₹ 3,130,347 /- Only",584 Sq-Ft,1 BHK,Downtown Core,12.969850665779854,77.60418145711843
Premium 1 BHK in Riverside Estates,"₹ 2,431,157 /- Only",681 Sq-Ft,1 BHK,Riverside Estates,13.02219201871672,77.54503747714789
Premium 4 BHK in Downtown Core,"₹ 12,385,133 /- Only",2399 Sq-Ft,4 BHK,Downtown Core,12.963777612547663,77.59248317341682
Premium 4 BHK in Silicon Suburbs,"₹ 9,376,432 /- Only",2776 Sq-Ft,4 BHK,Silicon Suburbs,12.920562837855881,77.63630412090217
Premium 3 BHK in Greenwood Valley,"₹ 7,047,639 /- Only",2113 Sq-Ft,3 BHK,Greenwood Valley,12.975298494025804,77.76159591336015
Premium 1 BHK in Riverside Estates,"₹ 2,266,364 /- Only",701 Sq-Ft,1 BHK,Riverside Estates,13.022168396815529,77.53942678112381
Premium 2 BHK in Silicon Suburbs,"₹ 4,265,735 /- Only",1283 Sq-Ft,2 BHK,Silicon Suburbs,12.924799688080173,77.61894679664898
Premium 1 BHK in Greenwood Valley,"₹ 1,874,724 /- Only",553 Sq-Ft,1 BHK,Greenwood Valley,12.978687000048096,77.7521423245834
Premium 1 BHK in Riverside Estates,"₹ 2,254,041 /- Only",679 Sq-Ft,1 BHK,Riverside Estates,13.035169262539293,77.54312110678326
Premium 1 BHK in Greenwood Valley,"₹ 2,193,820 /- Only",613 Sq-Ft,1 BHK,Greenwood Valley,12.97831597780932,77.75438245417688
Premium 2 BHK in Downtown Core,"₹ 6,259,039 /- Only",1195 Sq-Ft,2 BHK,Downtown Core,12.967884286278135,77.59914002474117
Premium 2 BHK in Downtown Core,"₹ 7,269,395 /- Only",1452 Sq-Ft,2 BHK,Downtown Core,12.97905447815537,77.59635194898448
Premium 2 BHK in Downtown Core,"₹ 6,410,978 /- Only",1252 Sq-Ft,2 BHK,Downtown Core,12.967013710253614,77.594537903151
Premium 1 BHK in Riverside Estates,"₹ 2,393,626 /- Only",700 Sq-Ft,1 BHK,Riverside Estates,13.038433962295015,77.54113321988854
Premium 2 BHK in Riverside Estates,"₹ 4,664,664 /- Only",1334 Sq-Ft,2 BHK,Riverside Estates,13.021720691681915,77.53766454127283
Premium 2 BHK in Silicon Suburbs,"₹ 4,493,844 /- Only",1268 Sq-Ft,2 BHK,Silicon Suburbs,12.930008249602901,77.63188390728591
Premium 1 BHK in Greenwood Valley,"₹ 2,179,326 /- Only",648 Sq-Ft,1 BHK,Greenwood Valley,12.980436723974993,77.74267472729791
Premium 4 BHK in Riverside Estates,"₹ 8,553,748 /- Only",2431 Sq-Ft,4 BHK,Riverside Estates,13.024035238804926,77.54734882861572
Premium 1 BHK in Riverside Estates,"₹ 2,225,076 /- Only",700 Sq-Ft,1 BHK,Riverside Estates,13.039915173086124,77.54793688347097
Premium 4 BHK in Silicon Suburbs,"₹ 8,987,684 /- Only",2656 Sq-Ft,4 BHK,Silicon Suburbs,12.93719096333276,77.61864570443932
Premium 3 BHK in Riverside Estates,"₹ 7,163,838 /- Only",2077 Sq-Ft,3 BHK,Riverside Estates,13.033533296460343,77.54772259476906
Premium 1 BHK in Greenwood Valley,"₹ 2,312,175 /- Only",666 Sq-Ft,1 BHK,Greenwood Valley,12.988410990197163,77.74776954942946
Premium 2 BHK in Downtown Core,"₹ 6,558,607 /- Only",1301 Sq-Ft,2 BHK,Downtown Core,12.978973560222112,77.60228254177213
Premium 2 BHK in Riverside Estates,"₹ 4,357,962 /- Only",1323 Sq-Ft,2 BHK,Riverside Estates,13.024993477413012,77.53207145235791
Premium 2 BHK in Downtown Core,"₹ 6,818,645 /- Only",1365 Sq-Ft,2 BHK,Downtown Core,12.97661475314585,77.58833723874868
Premium 1 BHK in Downtown Core,"₹ 3,817,431 /- Only",757 Sq-Ft,1 BHK,Downtown Core,12.971752201898687,77.59452820694986
Premium 4 BHK in Riverside Estates,"₹ 8,708,246 /- Only",2509 Sq-Ft,4 BHK,Riverside Estates,13.01651450899747,77.54036808145105
Premium 2 BHK in Silicon Suburbs,"₹ 4,974,199 /- Only",1470 Sq-Ft,2 BHK,Silicon Suburbs,12.925770275550299,77.61853832848345
Premium 1 BHK in Downtown Core,"₹ 3,497,062 /- Only",716 Sq-Ft,1 BHK,Downtown Core,12.959679929291728,77.60345731198947
Premium 4 BHK in Riverside Estates,"₹ 9,071,051 /- Only",2679 Sq-Ft,4 BHK,Riverside Estates,13.035622997933576,77.5363697401724
Premium 1 BHK in Silicon Suburbs,"₹ 2,077,078 /- Only",596 Sq-Ft,1 BHK,Silicon Suburbs,12.935320825123187,77.63287024903205
Premium 4 BHK in Downtown Core,"₹ 14,665,928 /- Only",2887 Sq-Ft,4 BHK,Downtown Core,12.961092897043534,77.5987857951693
Premium 2 BHK in Riverside Estates,"₹ 3,931,258 /- Only",1070 Sq-Ft,2 BHK,Riverside Estates,13.039557185937003,77.54876810566269
Premium 4 BHK in Silicon Suburbs,"₹ 9,216,056 /- Only",2741 Sq-Ft,4 BHK,Silicon Suburbs,12.917511592537013,77.62605234541297
Premium 1 BHK in Greenwood Valley,"₹ 2,172,658 /- Only",611 Sq-Ft,1 BHK,Greenwood Valley,12.990395691469136,77.73940206654387
Premium 2 BHK in Greenwood Valley,"₹ 4,007,005 /- Only",1185 Sq-Ft,2 BHK,Greenwood Valley,12.972961472700115,77.74343846650933
Premium 3 BHK in Downtown Core,"₹ 8,797,040 /- Only",1700 Sq-Ft,3 BHK,Downtown Core,12.974014764680227,77.60440778811213
Premium 4 BHK in Silicon Suburbs,"₹ 8,756,896 /- Only",2598 Sq-Ft,4 BHK,Silicon Suburbs,12.917181657861562,77.62744734760852
Premium 1 BHK in Riverside Estates,"₹ 2,298,111 /- Only",635 Sq-Ft,1 BHK,Riverside Estates,13.029107963609246,77.53245477849111
Premium 4 BHK in Silicon Suburbs,"₹ 9,282,424 /- Only",2759 Sq-Ft,4 BHK,Silicon Suburbs,12.927916513899262,77.63814034496298
Premium 2 BHK in Silicon Suburbs,"₹ 3,753,108 /- Only",1085 Sq-Ft,2 BHK,Silicon Suburbs,12.93487401078603,77.62857934876185
Premium 3 BHK in Downtown Core,"₹ 10,291,556 /- Only",2011 Sq-Ft,3 BHK,Downtown Core,12.977244112657068,77.58384712265614
Premium 2 BHK in Silicon Suburbs,"₹ 4,564,250 /- Only",1319 Sq-Ft,2 BHK,Silicon Suburbs,12.933065989228224,77.62212902703749
Premium 4 BHK in Greenwood Valley,"₹ 9,442,391 /- Only",2791 Sq-Ft,4 BHK,Greenwood Valley,12.970009797497456,77.75632772901041
Premium 1 BHK in Greenwood Valley,"₹ 2,211,742 /- Only",598 Sq-Ft,1 BHK,Greenwood Valley,12.976806125596394,77.74234673881867
Premium 4 BHK in Riverside Estates,"₹ 9,231,065 /- Only",2755 Sq-Ft,4 BHK,Riverside Estates,13.021958071693854,77.53620517105485
Premium 4 BHK in Silicon Suburbs,"₹ 9,888,632 /- Only",2911 Sq-Ft,4 BHK,Silicon Suburbs,12.923211366161079,77.62274003113315
Premium 3 BHK in Silicon Suburbs,"₹ 7,380,581 /- Only",2259 Sq-Ft,3 BHK,Silicon Suburbs,12.920613257776013,77.62370825777201
Premium 3 BHK in Downtown Core,"₹ 10,426,083 /- Only",2070 Sq-Ft,3 BHK,Downtown Core,12.978207330019556,77.58641141535401
Premium 4 BHK in Riverside Estates,"₹ 9,255,506 /- Only",2742 Sq-Ft,4 BHK,Riverside Estates,13.037546080696357,77.54380574166103
Premium 2 BHK in Silicon Suburbs,"₹ 4,537,986 /- Only",1349 Sq-Ft,2 BHK,Silicon Suburbs,12.922602186319352,77.62466285105204
Premium 2 BHK in Silicon Suburbs,"₹ 3,810,906 /- Only",1090 Sq-Ft,2 BHK,Silicon Suburbs,12.9247685481733,77.6227205478697
Premium 4 BHK in Riverside Estates,"₹ 9,338,298 /- Only",2711 Sq-Ft,4 BHK,Riverside Estates,13.039366761400819,77.53132800271678
Premium 4 BHK in Silicon Suburbs,"₹ 8,361,171 /- Only",2366 Sq-Ft,4 BHK,Silicon Suburbs,12.934307258308653,77.63355949311271
Premium 2 BHK in Riverside Estates,"₹ 4,164,135 /- Only",1233 Sq-Ft,2 BHK,Riverside Estates,13.040170318423863,77.55155312801392
Premium 3 BHK in Greenwood Valley,"₹ 5,766,290 /- Only",1652 Sq-Ft,3 BHK,Greenwood Valley,12.977591234656641,77.75684751306422
Premium 3 BHK in Silicon Suburbs,"₹ 6,331,447 /- Only",1839 Sq-Ft,3 BHK,Silicon Suburbs,12.917075194991293,77.63172814265499
Premium 4 BHK in Riverside Estates,"₹ 9,228,853 /- Only",2760 Sq-Ft,4 BHK,Riverside Estates,13.036484289435721,77.52983571774556
Premium 4 BHK in Greenwood Valley,"₹ 9,454,822 /- Only",2820 Sq-Ft,4 BHK,Greenwood Valley,12.9852780022914,77.74179788743434
Premium 3 BHK in Riverside Estates,"₹ 6,395,133 /- Only",1820 Sq-Ft,3 BHK,Riverside Estates,13.033711223443856,77.5529552607722
Premium 1 BHK in Silicon Suburbs,"₹ 2,384,738 /- Only",697 Sq-Ft,1 BHK,Silicon Suburbs,12.917978730516545,77.62649853479834
Premium 1 BHK in Silicon Suburbs,"₹ 2,046,477 /- Only",565 Sq-Ft,1 BHK,Silicon Suburbs,12.939769921049027,77.61746155630104
Premium 4 BHK in Silicon Suburbs,"₹ 9,032,542 /- Only",2665 Sq-Ft,4 BHK,Silicon Suburbs,12.919555774588176,77.61663891675425
Premium 2 BHK in Silicon Suburbs,"₹ 4,874,070 /- Only",1427 Sq-Ft,2 BHK,Silicon Suburbs,12.917146616978023,77.61764926828256
Premium 3 BHK in Downtown Core,"₹ 8,734,829 /- Only",1671 Sq-Ft,3 BHK,Downtown Core,12.976228286360078,77.59327906130858
Premium 4 BHK in Greenwood Valley,"₹ 9,974,218 /- Only",2979 Sq-Ft,4 BHK,Greenwood Valley,12.98089279980004,77.75252891470076
Premium 3 BHK in Silicon Suburbs,"₹ 5,976,014 /- Only",1735 Sq-Ft,3 BHK,Silicon Suburbs,12.93667091755219,77.63775754742231
Premium 1 BHK in Downtown Core,"₹ 3,022,092 /- Only",558 Sq-Ft,1 BHK,Downtown Core,12.980174050313853,77.58634255440377
Premium 4 BHK in Silicon Suburbs,"₹ 8,968,505 /- Only",2653 Sq-Ft,4 BHK,Silicon Suburbs,12.927117516730451,77.62466153409837
Premium 3 BHK in Silicon Suburbs,"₹ 6,173,718 /- Only",1814 Sq-Ft,3 BHK,Silicon Suburbs,12.922605039257855,77.61957094769622
Premium 1 BHK in Downtown Core,"₹ 3,549,792 /- Only",673 Sq-Ft,1 BHK,Downtown Core,12.965914122074311,77.59486245295513
Premium 2 BHK in Downtown Core,"₹ 7,385,351 /- Only",1433 Sq-Ft,2 BHK,Downtown Core,12.974240612000212,77.58842646816285
Premium 4 BHK in Riverside Estates,"₹ 9,600,689 /- Only",2838 Sq-Ft,4 BHK,Riverside Estates,13.035688198030284,77.53680418409348
Premium 4 BHK in Downtown Core,"₹ 14,714,538 /- Only",2902 Sq-Ft,4 BHK,Downtown Core,12.980300221623226,77.59983863908047
Premium 2 BHK in Riverside Estates,"₹ 3,889,079 /- Only",1089 Sq-Ft,2 BHK,Riverside Estates,13.017046899121759,77.54137495346853
Premium 1 BHK in Downtown Core,"₹ 2,790,965 /- Only",549 Sq-Ft,1 BHK,Downtown Core,12.963905941027816,77.58608530634497
Premium 2 BHK in Downtown Core,"₹ 7,185,106 /- Only",1429 Sq-Ft,2 BHK,Downtown Core,12.983504380632633,77.58482698691957
Premium 4 BHK in Riverside Estates,"₹ 8,844,076 /- Only",2575 Sq-Ft,4 BHK,Riverside Estates,13.017629937385198,77.53231856121519
Premium 4 BHK in Silicon Suburbs,"₹ 8,111,839 /- Only",2323 Sq-Ft,4 BHK,Silicon Suburbs,12.937714995599075,77.63068856452368
Premium 4 BHK in Riverside Estates,"₹ 9,261,213 /- Only",2701 Sq-Ft,4 BHK,Riverside Estates,13.033308474154737,77.54073902784545
Premium 4 BHK in Downtown Core,"₹ 13,874,457 /- Only",2708 Sq-Ft,4 BHK,Downtown Core,12.964864584286957,77.60570104534675
Premium 1 BHK in Downtown Core,"₹ 3,774,977 /- Only",722 Sq-Ft,1 BHK,Downtown Core,12.971933800157466,77.58739515263714
Premium 2 BHK in Silicon Suburbs,"₹ 3,975,729 /- Only",1181 Sq-Ft,2 BHK,Silicon Suburbs,12.939570284298215,77.61836311107912
Premium 2 BHK in Riverside Estates,"₹ 4,418,105 /- Only",1300 Sq-Ft,2 BHK,Riverside Estates,13.02213844721671,77.54055039693438
Premium 2 BHK in Greenwood Valley,"₹ 4,060,980 /- Only",1180 Sq-Ft,2 BHK,Greenwood Valley,12.973397161920897,77.74430105198756
Premium 1 BHK in Silicon Suburbs,"₹ 1,824,717 /- Only",552 Sq-Ft,1 BHK,Silicon Suburbs,12.923137907446577,77.63825017977753
Premium 1 BHK in Downtown Core,"₹ 3,410,202 /- Only",644 Sq-Ft,1 BHK,Downtown Core,12.965383199176557,77.5926908685467
Premium 3 BHK in Riverside Estates,"₹ 6,603,155 /- Only",1943 Sq-Ft,3 BHK,Riverside Estates,13.024738157178488,77.53261727749815
Premium 1 BHK in Silicon Suburbs,"₹ 2,410,097 /- Only",670 Sq-Ft,1 BHK,Silicon Suburbs,12.91673158499753,77.62462359011701
Premium 2 BHK in Riverside Estates,"₹ 4,306,320 /- Only",1281 Sq-Ft,2 BHK,Riverside Estates,13.018397006439159,77.54056407954204
Premium 4 BHK in Silicon Suburbs,"₹ 9,709,935 /- Only",2845 Sq-Ft,4 BHK,Silicon Suburbs,12.923123390916347,77.62321305776038
Premium 1 BHK in Silicon Suburbs,"₹ 2,522,498 /- Only",743 Sq-Ft,1 BHK,Silicon Suburbs,12.929629297903427,77.62546980060115
Premium 3 BHK in Riverside Estates,"₹ 6,570,625 /- Only",1949 Sq-Ft,3 BHK,Riverside Estates,13.021633406499912,77.54070320759268
Premium 2 BHK in Downtown Core,"₹ 6,479,302 /- Only",1293 Sq-Ft,2 BHK,Downtown Core,12.969265246479035,77.60040902087667
Premium 1 BHK in Silicon Suburbs,"₹ 2,207,998 /- Only",650 Sq-Ft,1 BHK,Silicon Suburbs,12.923869773501202,77.62852869461118
Premium 3 BHK in Downtown Core,"₹ 9,387,896 /- Only",1831 Sq-Ft,3 BHK,Downtown Core,12.981610560843691,77.60054420849814
Premium 3 BHK in Silicon Suburbs,"₹ 6,474,326 /- Only",1854 Sq-Ft,3 BHK,Silicon Suburbs,12.923839739822073,77.63301931884344
Premium 1 BHK in Downtown Core,"₹ 2,713,657 /- Only",521 Sq-Ft,1 BHK,Downtown Core,12.962526108180473,77.59390740850245
Premium 3 BHK in Greenwood Valley,"₹ 6,089,742 /- Only",1693 Sq-Ft,3 BHK,Greenwood Valley,12.989044022318705,77.75839613188116
Premium 3 BHK in Greenwood Valley,"₹ 6,241,857 /- Only",1752 Sq-Ft,3 BHK,Greenwood Valley,12.976902250581752,77.74931034186419
Premium 2 BHK in Downtown Core,"₹ 6,581,315 /- Only",1287 Sq-Ft,2 BHK,Downtown Core,12.961288191293981,77.59844183038753
Premium 2 BHK in Riverside Estates,"₹ 4,092,003 /- Only",1160 Sq-Ft,2 BHK,Riverside Estates,13.032163145844427,77.53821703068407
Premium 1 BHK in Silicon Suburbs,"₹ 2,448,467 /- Only",731 Sq-Ft,1 BHK,Silicon Suburbs,12.929061356970848,77.61979405084638
Premium 3 BHK in Riverside Estates,"₹ 7,223,227 /- Only",2196 Sq-Ft,3 BHK,Riverside Estates,13.021749931700901,77.54026628857024
Premium 3 BHK in Greenwood Valley,"₹ 7,246,408 /- Only",2143 Sq-Ft,3 BHK,Greenwood Valley,12.982935548518002,77.74419026934412
Premium 2 BHK in Greenwood Valley,"₹ 4,329,460 /- Only",1300 Sq-Ft,2 BHK,Greenwood Valley,12.986309639404189,77.74085785335554
Premium 2 BHK in Riverside Estates,"₹ 4,836,612 /- Only",1399 Sq-Ft,2 BHK,Riverside Estates,13.017535755075338,77.54473781660904
Premium 1 BHK in Riverside Estates,"₹ 2,305,977 /- Only",681 Sq-Ft,1 BHK,Riverside Estates,13.034813074888715,77.55352686306107
Premium 4 BHK in Greenwood Valley,"₹ 8,407,062 /- Only",2472 Sq-Ft,4 BHK,Greenwood Valley,12.970910603936998,77.74779886556044
Premium 1 BHK in Silicon Suburbs,"₹ 2,084,220 /- Only",561 Sq-Ft,1 BHK,Silicon Suburbs,12.922167141041735,77.63139972494356
Premium 4 BHK in Downtown Core,"₹ 14,152,207 /- Only",2789 Sq-Ft,4 BHK,Downtown Core,12.971571765468648,77.6041644439536
Premium 4 BHK in Silicon Suburbs,"₹ 10,039,465 /- Only",3040 Sq-Ft,4 BHK,Silicon Suburbs,12.93170221906445,77.62806329503395
Premium 1 BHK in Riverside Estates,"₹ 2,056,736 /- Only",551 Sq-Ft,1 BHK,Riverside Estates,13.022060168581293,77.53619351968365
Premium 2 BHK in Silicon Suburbs,"₹ 4,548,482 /- Only",1369 Sq-Ft,2 BHK,Silicon Suburbs,12.927054399805407,77.63324810552263
Premium 4 BHK in Downtown Core,"₹ 13,611,024 /- Only",2690 Sq-Ft,4 BHK,Downtown Core,12.973464663798788,77.58997993424819
Premium 3 BHK in Downtown Core,"₹ 10,382,934 /- Only",2032 Sq-Ft,3 BHK,Downtown Core,12.961857590776862,77.58837074898513
Premium 4 BHK in Silicon Suburbs,"₹ 9,449,671 /- Only",2762 Sq-Ft,4 BHK,Silicon Suburbs,12.923714725691479,77.62459694486618
Premium 3 BHK in Riverside Estates,"₹ 6,226,014 /- Only",1749 Sq-Ft,3 BHK,Riverside Estates,13.032976317968469,77.53325067322389
Premium 1 BHK in Riverside Estates,"₹ 2,360,835 /- Only",691 Sq-Ft,1 BHK,Riverside Estates,13.02525348517576,77.54727978974384
Premium 1 BHK in Riverside Estates,"₹ 2,207,599 /- Only",601 Sq-Ft,1 BHK,Riverside Estates,13.03758090815058,77.53651398938977
Premium 3 BHK in Riverside Estates,"₹ 5,928,233 /- Only",1708 Sq-Ft,3 BHK,Riverside Estates,13.029919608861723,77.53387908222456
Premium 1 BHK in Downtown Core,"₹ 3,577,173 /- Only",676 Sq-Ft,1 BHK,Downtown Core,12.980068213512538,77.58375641914833
Premium 3 BHK in Downtown Core,"₹ 9,992,916 /- Only",1965 Sq-Ft,3 BHK,Downtown Core,12.98174296499882,77.59917624380469
Premium 2 BHK in Downtown Core,"₹ 7,148,723 /- Only",1391 Sq-Ft,2 BHK,Downtown Core,12.97112248115626,77.60385161844714
Premium 4 BHK in Greenwood Valley,"₹ 9,550,008 /- Only",2803 Sq-Ft,4 BHK,Greenwood Valley,12.988345990276839,77.7465067839089
Premium 4 BHK in Riverside Estates,"₹ 9,509,146 /- Only",2839 Sq-Ft,4 BHK,Riverside Estates,13.019815602280557,77.54052267837463
Premium 2 BHK in Downtown Core,"₹ 6,590,783 /- Only",1289 Sq-Ft,2 BHK,Downtown Core,12.978028484750876,77.58527792546916
Premium 4 BHK in Greenwood Valley,"₹ 8,803,117 /- Only",2592 Sq-Ft,4 BHK,Greenwood Valley,12.986962921218995,77.75797410558653
Premium 3 BHK in Downtown Core,"₹ 9,449,156 /- Only",1864 Sq-Ft,3 BHK,Downtown Core,12.972691853376823,77.60218361334898
Premium 2 BHK in Silicon Suburbs,"₹ 4,631,511 /- Only",1397 Sq-Ft,2 BHK,Silicon Suburbs,12.916726344680669,77.6300427131255
Premium 2 BHK in Riverside Estates,"₹ 4,097,482 /- Only",1161 Sq-Ft,2 BHK,Riverside Estates,13.016579002495705,77.54102429478884
Premium 4 BHK in Silicon Suburbs,"₹ 9,165,845 /- Only",2672 Sq-Ft,4 BHK,Silicon Suburbs,12.91806599629033,77.63710691737712
Premium 1 BHK in Silicon Suburbs,"₹ 2,225,984 /- Only",700 Sq-Ft,1 BHK,Silicon Suburbs,12.936113216092066,77.62756814647288
Premium 3 BHK in Greenwood Valley,"₹ 6,632,611 /- Only",1910 Sq-Ft,3 BHK,Greenwood Valley,12.987229776023062,77.74973677106375
Premium 4 BHK in Greenwood Valley,"₹ 8,671,464 /- Only",2573 Sq-Ft,4 BHK,Greenwood Valley,12.991955597266283,77.74747887885212
Premium 3 BHK in Downtown Core,"₹ 9,922,499 /- Only",1907 Sq-Ft,3 BHK,Downtown Core,12.977170795128973,77.59258245975592
Premium 1 BHK in Silicon Suburbs,"₹ 2,302,353 /- Only",634 Sq-Ft,1 BHK,Silicon Suburbs,12.92586946668147,77.62001876473944
Premium 2 BHK in Riverside Estates,"₹ 4,357,440 /- Only",1258 Sq-Ft,2 BHK,Riverside Estates,13.039290997638167,77.5474365581827
Premium 4 BHK in Downtown Core,"₹ 13,233,176 /- Only",2591 Sq-Ft,4 BHK,Downtown Core,12.961575243294492,77.59546853485679
Premium 1 BHK in Riverside Estates,"₹ 2,558,857 /- Only",726 Sq-Ft,1 BHK,Riverside Estates,13.034199055533787,77.53034216709649
Premium 3 BHK in Downtown Core,"₹ 9,666,398 /- Only",1896 Sq-Ft,3 BHK,Downtown Core,12.974276382333642,77.59508562734761
Premium 2 BHK in Greenwood Valley,"₹ 4,428,225 /- Only",1315 Sq-Ft,2 BHK,Greenwood Valley,12.973570074157886,77.74793068628652
Premium 4 BHK in Riverside Estates,"₹ 9,395,199 /- Only",2775 Sq-Ft,4 BHK,Riverside Estates,13.039096021257723,77.5389076841815
Premium 1 BHK in Silicon Suburbs,"₹ 2,133,813 /- Only",643 Sq-Ft,1 BHK,Silicon Suburbs,12.916400327676241,77.61667188541632
Premium 4 BHK in Silicon Suburbs,"₹ 8,342,280 /- Only",2375 Sq-Ft,4 BHK,Silicon Suburbs,12.935639007059292,77.63052936556886
Premium 2 BHK in Silicon Suburbs,"₹ 4,717,954 /- Only",1451 Sq-Ft,2 BHK,Silicon Suburbs,12.933231736613841,77.6212065771992
Premium 1 BHK in Silicon Suburbs,"₹ 2,414,380 /- Only",746 Sq-Ft,1 BHK,Silicon Suburbs,12.918780474874442,77.62935887032276
Premium 3 BHK in Silicon Suburbs,"₹ 7,052,512 /- Only",2125 Sq-Ft,3 BHK,Silicon Suburbs,12.919700922687062,77.63313033971383
Premium 3 BHK in Silicon Suburbs,"₹ 6,569,658 /- Only",1891 Sq-Ft,3 BHK,Silicon Suburbs,12.928281570613679,77.63295659779965
Premium 4 BHK in Greenwood Valley,"₹ 9,722,611 /- Only",2884 Sq-Ft,4 BHK,Greenwood Valley,12.974106936602833,77.753799346688
Premium 3 BHK in Downtown Core,"₹ 10,051,651 /- Only",1978 Sq-Ft,3 BHK,Downtown Core,12.977046026866324,77.60388419824487
Premium 4 BHK in Silicon Suburbs,"₹ 9,286,955 /- Only",2767 Sq-Ft,4 BHK,Silicon Suburbs,12.930941516057796,77.6169974169603
Premium 2 BHK in Riverside Estates,"₹ 4,117,454 /- Only",1177 Sq-Ft,2 BHK,Riverside Estates,13.029915937158115,77.53916947940975
Premium 2 BHK in Greenwood Valley,"₹ 4,096,237 /- Only",1145 Sq-Ft,2 BHK,Greenwood Valley,12.973849431443268,77.75665018997603
Premium 4 BHK in Greenwood Valley,"₹ 8,764,331 /- Only",2552 Sq-Ft,4 BHK,Greenwood Valley,12.985580873933849,77.75475823193064
Premium 1 BHK in Downtown Core,"₹ 2,938,593 /- Only",586 Sq-Ft,1 BHK,Downtown Core,12.961875549242075,77.58860344606909
Premium 2 BHK in Downtown Core,"₹ 7,151,431 /- Only",1396 Sq-Ft,2 BHK,Downtown Core,12.979859165308898,77.6014157678238
Premium 1 BHK in Greenwood Valley,"₹ 2,421,106 /- Only",723 Sq-Ft,1 BHK,Greenwood Valley,12.970031218070957,77.73836266021948
Premium 3 BHK in Riverside Estates,"₹ 6,337,202 /- Only",1877 Sq-Ft,3 BHK,Riverside Estates,13.01737366736267,77.5434008636914
Premium 1 BHK in Downtown Core,"₹ 3,262,555 /- Only",658 Sq-Ft,1 BHK,Downtown Core,12.980569681116346,77.58553275522581
Premium 4 BHK in Silicon Suburbs,"₹ 8,083,092 /- Only",2273 Sq-Ft,4 BHK,Silicon Suburbs,12.939405776278457,77.61951071592958
Premium 1 BHK in Silicon Suburbs,"₹ 2,304,779 /- Only",703 Sq-Ft,1 BHK,Silicon Suburbs,12.919982730564918,77.62433564366991
Premium 2 BHK in Greenwood Valley,"₹ 4,381,322 /- Only",1226 Sq-Ft,2 BHK,Greenwood Valley,12.977672129281707,77.75206660165485
Premium 3 BHK in Silicon Suburbs,"₹ 6,107,006 /- Only",1761 Sq-Ft,3 BHK,Silicon Suburbs,12.937489249352264,77.63337152044636
Premium 3 BHK in Silicon Suburbs,"₹ 6,587,546 /- Only",1941 Sq-Ft,3 BHK,Silicon Suburbs,12.920422230234177,77.61854941521794
Premium 1 BHK in Silicon Suburbs,"₹ 2,020,657 /- Only",557 Sq-Ft,1 BHK,Silicon Suburbs,12.926519759939094,77.62381700432574
Premium 2 BHK in Greenwood Valley,"₹ 4,323,472 /- Only",1287 Sq-Ft,2 BHK,Greenwood Valley,12.984870044276779,77.7412141456234
Premium 3 BHK in Downtown Core,"₹ 10,257,228 /- Only",2042 Sq-Ft,3 BHK,Downtown Core,12.959775012341508,77.6063618067882
Premium 2 BHK in Silicon Suburbs,"₹ 4,656,663 /- Only",1397 Sq-Ft,2 BHK,Silicon Suburbs,12.937587229611008,77.61990404795624
Premium 2 BHK in Greenwood Valley,"₹ 4,925,937 /- Only",1505 Sq-Ft,2 BHK,Greenwood Valley,12.973804020512704,77.74002039700913
Premium 4 BHK in Downtown Core,"₹ 12,081,457 /- Only",2330 Sq-Ft,4 BHK,Downtown Core,12.968604175123692,77.60493434159805
Premium 3 BHK in Riverside Estates,"₹ 7,148,531 /- Only",2108 Sq-Ft,3 BHK,Riverside Estates,13.037820552091137,77.55200833413231
Premium 4 BHK in Riverside Estates,"₹ 8,068,855 /- Only",2291 Sq-Ft,4 BHK,Riverside Estates,13.030279460072675,77.55321873158958
Premium 4 BHK in Silicon Suburbs,"₹ 8,088,783 /- Only",2360 Sq-Ft,4 BHK,Silicon Suburbs,12.916181716248648,77.63594769186822
Premium 2 BHK in Riverside Estates,"₹ 4,684,155 /- Only",1388 Sq-Ft,2 BHK,Riverside Estates,13.028071811689376,77.53382830242776
Premium 1 BHK in Silicon Suburbs,"₹ 2,012,526 /- Only",565 Sq-Ft,1 BHK,Silicon Suburbs,12.93400912924458,77.63283257423254
Premium 1 BHK in Riverside Estates,"₹ 2,149,653 /- Only",573 Sq-Ft,1 BHK,Riverside Estates,13.032737601227007,77.54231614731171
Premium 3 BHK in Silicon Suburbs,"₹ 7,384,500 /- Only",2211 Sq-Ft,3 BHK,Silicon Suburbs,12.937850807923432,77.61823957996089
Premium 1 BHK in Downtown Core,"₹ 3,496,608 /- Only",697 Sq-Ft,1 BHK,Downtown Core,12.96720392838402,77.59715624610446
Premium 3 BHK in Downtown Core,"₹ 10,132,710 /- Only",1994 Sq-Ft,3 BHK,Downtown Core,12.977675768731606,77.59862293012048
Premium 2 BHK in Riverside Estates,"₹ 4,681,037 /- Only",1414 Sq-Ft,2 BHK,Riverside Estates,13.03919647329924,77.53774205694312
Premium 3 BHK in Riverside Estates,"₹ 6,201,229 /- Only",1778 Sq-Ft,3 BHK,Riverside Estates,13.029318884645448,77.53996321036935
Premium 1 BHK in Greenwood Valley,"₹ 2,311,210 /- Only",640 Sq-Ft,1 BHK,Greenwood Valley,12.984722532397024,77.75209461873408
Premium 3 BHK in Silicon Suburbs,"₹ 6,873,050 /- Only",2058 Sq-Ft,3 BHK,Silicon Suburbs,12.93524978606135,77.63116254769574
Premium 2 BHK in Downtown Core,"₹ 7,244,036 /- Only",1413 Sq-Ft,2 BHK,Downtown Core,12.968017550836676,77.60279615264416
Premium 1 BHK in Greenwood Valley,"₹ 2,011,141 /- Only",596 Sq-Ft,1 BHK,Greenwood Valley,12.987211631387071,77.74871052019334
Premium 1 BHK in Riverside Estates,"₹ 2,149,547 /- Only",638 Sq-Ft,1 BHK,Riverside Estates,13.02751618412614,77.54604511278599
Premium 3 BHK in Silicon Suburbs,"₹ 6,489,508 /- Only",1904 Sq-Ft,3 BHK,Silicon Suburbs,12.929672413609339,77.63445258011997
Premium 3 BHK in Silicon Suburbs,"₹ 6,421,306 /- Only",1897 Sq-Ft,3 BHK,Silicon Suburbs,12.93237956147144,77.62271225303901
Premium 3 BHK in Downtown Core,"₹ 10,886,671 /- Only",2122 Sq-Ft,3 BHK,Downtown Core,12.968624918395715,77.59611120392452
Premium 4 BHK in Riverside Estates,"₹ 8,625,953 /- Only",2518 Sq-Ft,4 BHK,Riverside Estates,13.03698308605726,77.55166755527064
Premium 1 BHK in Riverside Estates,"₹ 2,102,023 /- Only",627 Sq-Ft,1 BHK,Riverside Estates,13.030227381770686,77.54117043821542
Premium 2 BHK in Riverside Estates,"₹ 4,285,429 /- Only",1212 Sq-Ft,2 BHK,Riverside Estates,13.018965936307604,77.5396140836402
Premium 3 BHK in Downtown Core,"₹ 9,172,721 /- Only",1763 Sq-Ft,3 BHK,Downtown Core,12.981174293260096,77.5892353873714
Premium 4 BHK in Silicon Suburbs,"₹ 8,531,377 /- Only",2505 Sq-Ft,4 BHK,Silicon Suburbs,12.917301931568382,77.62887529943184
Premium 1 BHK in Downtown Core,"₹ 3,102,918 /- Only",576 Sq-Ft,1 BHK,Downtown Core,12.977426709526444,77.6053779240011
Premium 1 BHK in Downtown Core,"₹ 3,119,395 /- Only",611 Sq-Ft,1 BHK,Downtown Core,12.960372399713423,77.58319887382348
Premium 4 BHK in Downtown Core,"₹ 12,559,821 /- Only",2463 Sq-Ft,4 BHK,Downtown Core,12.959945256107579,77.58832738599989
Premium 2 BHK in Greenwood Valley,"₹ 4,771,553 /- Only",1414 Sq-Ft,2 BHK,Greenwood Valley,12.986453200935795,77.76039280913149
Premium 2 BHK in Greenwood Valley,"₹ 4,943,871 /- Only",1448 Sq-Ft,2 BHK,Greenwood Valley,12.986350742889774,77.75809284004278
Premium 3 BHK in Silicon Suburbs,"₹ 6,014,015 /- Only",1737 Sq-Ft,3 BHK,Silicon Suburbs,12.91775212075486,77.62072983160097
Premium 3 BHK in Riverside Estates,"₹ 7,523,604 /- Only",2208 Sq-Ft,3 BHK,Riverside Estates,13.040302900788786,77.53078803129088
Premium 1 BHK in Silicon Suburbs,"₹ 1,877,841 /- Only",577 Sq-Ft,1 BHK,Silicon Suburbs,12.916984280401854,77.63386888139496
Premium 1 BHK in Downtown Core,"₹ 2,975,798 /- Only",602 Sq-Ft,1 BHK,Downtown Core,12.968562214380768,77.60596738701021
Premium 4 BHK in Riverside Estates,"₹ 9,047,662 /- Only",2682 Sq-Ft,4 BHK,Riverside Estates,13.033027915431791,77.54304087540312
Premium 4 BHK in Greenwood Valley,"₹ 9,679,864 /- Only",2906 Sq-Ft,4 BHK,Greenwood Valley,12.991896068365778,77.756433252474
Premium 2 BHK in Riverside Estates,"₹ 3,942,474 /- Only",1084 Sq-Ft,2 BHK,Riverside Estates,13.023007042692939,77.54541487468876
Premium 3 BHK in Greenwood Valley,"₹ 6,151,730 /- Only",1722 Sq-Ft,3 BHK,Greenwood Valley,12.974244170214359,77.74152818140972
Premium 4 BHK in Silicon Suburbs,"₹ 7,932,333 /- Only",2271 Sq-Ft,4 BHK,Silicon Suburbs,12.938188483706817,77.62914005479263
Premium 4 BHK in Downtown Core,"₹ 13,736,148 /- Only",2711 Sq-Ft,4 BHK,Downtown Core,12.961170918004852,77.59266691277101
Premium 3 BHK in Greenwood Valley,"₹ 6,189,459 /- Only",1737 Sq-Ft,3 BHK,Greenwood Valley,12.992523727062347,77.74979847213146
Premium 2 BHK in Downtown Core,"₹ 6,606,220 /- Only",1260 Sq-Ft,2 BHK,Downtown Core,12.98257712695657,77.59434074702759
Premium 2 BHK in Silicon Suburbs,"₹ 4,492,649 /- Only",1343 Sq-Ft,2 BHK,Silicon Suburbs,12.925841009474922,77.62637117892552
Premium 4 BHK in Downtown Core,"₹ 14,440,230 /- Only",2825 Sq-Ft,4 BHK,Downtown Core,12.969649378023679,77.58620299594533
Premium 2 BHK in Riverside Estates,"₹ 4,273,400 /- Only",1279 Sq-Ft,2 BHK,Riverside Estates,13.039454918520038,77.53746249633483
Premium 4 BHK in Greenwood Valley,"₹ 9,193,148 /- Only",2678 Sq-Ft,4 BHK,Greenwood Valley,12.989907719319241,77.76159234371212
Premium 2 BHK in Downtown Core,"₹ 6,532,699 /- Only",1259 Sq-Ft,2 BHK,Downtown Core,12.976373798129627,77.5937410155159
Premium 2 BHK in Silicon Suburbs,"₹ 3,995,706 /- Only",1155 Sq-Ft,2 BHK,Silicon Suburbs,12.919304733310861,77.62177458142469
Premium 4 BHK in Riverside Estates,"₹ 8,981,721 /- Only",2584 Sq-Ft,4 BHK,Riverside Estates,13.026732572323615,77.55002845037001
Premium 1 BHK in Riverside Estates,"₹ 2,470,750 /- Only",695 Sq-Ft,1 BHK,Riverside Estates,13.033668278302638,77.55266043200766
Premium 2 BHK in Silicon Suburbs,"₹ 4,662,323 /- Only",1385 Sq-Ft,2 BHK,Silicon Suburbs,12.92472728127712,77.62080064779234
Premium 4 BHK in Silicon Suburbs,"₹ 8,960,309 /- Only",2645 Sq-Ft,4 BHK,Silicon Suburbs,12.936920165798423,77.62534206635031
Premium 3 BHK in Riverside Estates,"₹ 7,331,550 /- Only",2194 Sq-Ft,3 BHK,Riverside Estates,13.021652045911603,77.53305043005668
Premium 3 BHK in Downtown Core,"₹ 9,562,397 /- Only",1848 Sq-Ft,3 BHK,Downtown Core,12.965154599934067,77.60279869812713
Premium 2 BHK in Downtown Core,"₹ 6,387,429 /- Only",1223 Sq-Ft,2 BHK,Downtown Core,12.977831429306551,77.5835312530443
Premium 1 BHK in Riverside Estates,"₹ 2,050,142 /- Only",598 Sq-Ft,1 BHK,Riverside Estates,13.032204134693842,77.53036128400089
Premium 4 BHK in Greenwood Valley,"₹ 8,689,429 /- Only",2492 Sq-Ft,4 BHK,Greenwood Valley,12.97890935777372,77.7397835026443
Premium 1 BHK in Riverside Estates,"₹ 2,075,417 /- Only",592 Sq-Ft,1 BHK,Riverside Estates,13.0226959809838,77.53086218701814
Premium 1 BHK in Greenwood Valley,"₹ 2,155,027 /- Only",657 Sq-Ft,1 BHK,Greenwood Valley,12.97929062288119,77.7398347811135
Premium 3 BHK in Greenwood Valley,"₹ 7,181,047 /- Only",2092 Sq-Ft,3 BHK,Greenwood Valley,12.989517324294134,77.7483828737321
Premium 4 BHK in Silicon Suburbs,"₹ 8,778,395 /- Only",2578 Sq-Ft,4 BHK,Silicon Suburbs,12.939884416236877,77.62923686059038
Premium 1 BHK in Riverside Estates,"₹ 1,995,440 /- Only",603 Sq-Ft,1 BHK,Riverside Estates,13.036229708669698,77.54861683160944
Premium 4 BHK in Silicon Suburbs,"₹ 9,873,682 /- Only",2902 Sq-Ft,4 BHK,Silicon Suburbs,12.927563012865923,77.63093393633353
Premium 2 BHK in Downtown Core,"₹ 6,668,019 /- Only",1325 Sq-Ft,2 BHK,Downtown Core,12.977849287309269,77.5988326443962
Premium 2 BHK in Silicon Suburbs,"₹ 4,202,421 /- Only",1212 Sq-Ft,2 BHK,Silicon Suburbs,12.922789153631735,77.62052359956718
Premium 1 BHK in Greenwood Valley,"₹ 2,122,938 /- Only",596 Sq-Ft,1 BHK,Greenwood Valley,12.979508539414983,77.74210504140477
Premium 3 BHK in Riverside Estates,"₹ 7,400,733 /- Only",2237 Sq-Ft,3 BHK,Riverside Estates,13.038696101956324,77.5329702481823
Premium 2 BHK in Silicon Suburbs,"₹ 4,036,952 /- Only",1165 Sq-Ft,2 BHK,Silicon Suburbs,12.928868090077964,77.63163203594985
Premium 3 BHK in Greenwood Valley,"₹ 6,122,203 /- Only",1758 Sq-Ft,3 BHK,Greenwood Valley,12.991511650510244,77.75830501720829
Premium 4 BHK in Silicon Suburbs,"₹ 9,299,336 /- Only",2733 Sq-Ft,4 BHK,Silicon Suburbs,12.931504959438731,77.61886645159208
Premium 2 BHK in Silicon Suburbs,"₹ 4,486,363 /- Only",1309 Sq-Ft,2 BHK,Silicon Suburbs,12.91918723249836,77.62021544146558
Premium 3 BHK in Downtown Core,"₹ 10,032,549 /- Only",1970 Sq-Ft,3 BHK,Downtown Core,12.961421528173831,77.60317001285354
Premium 1 BHK in Downtown Core,"₹ 3,745,849 /- Only",732 Sq-Ft,1 BHK,Downtown Core,12.973193767402055,77.58299395807974
Premium 1 BHK in Riverside Estates,"₹ 2,228,521 /- Only",689 Sq-Ft,1 BHK,Riverside Estates,13.027498131621106,77.5510768557429
Premium 1 BHK in Riverside Estates,"₹ 2,561,873 /- Only",719 Sq-Ft,1 BHK,Riverside Estates,13.021750039279388,77.54271044331146
Premium 2 BHK in Downtown Core,"₹ 6,554,844 /- Only",1312 Sq-Ft,2 BHK,Downtown Core,12.969975901221416,77.58579205844471
Premium 2 BHK in Downtown Core,"₹ 6,103,443 /- Only",1203 Sq-Ft,2 BHK,Downtown Core,12.982477688736344,77.60470554335988
Premium 3 BHK in Riverside Estates,"₹ 6,160,131 /- Only",1778 Sq-Ft,3 BHK,Riverside Estates,13.033532797088483,77.5311566017041
Premium 2 BHK in Greenwood Valley,"₹ 3,913,646 /- Only",1118 Sq-Ft,2 BHK,Greenwood Valley,12.976075257975753,77.74085485642343
Premium 1 BHK in Greenwood Valley,"₹ 1,997,477 /- Only",606 Sq-Ft,1 BHK,Greenwood Valley,12.990266703564846,77.75680841400175
Premium 4 BHK in Greenwood Valley,"₹ 9,153,541 /- Only",2696 Sq-Ft,4 BHK,Greenwood Valley,12.972785071277038,77.74813254992559
Premium 2 BHK in Downtown Core,"₹ 6,586,787 /- Only",1316 Sq-Ft,2 BHK,Downtown Core,12.982782739907718,77.58659964557017
Premium 1 BHK in Greenwood Valley,"₹ 2,149,926 /- Only",596 Sq-Ft,1 BHK,Greenwood Valley,12.991610526594004,77.75783310934274
Premium 2 BHK in Riverside Estates,"₹ 3,875,937 /- Only",1116 Sq-Ft,2 BHK,Riverside Estates,13.036046307236479,77.53631720643355
Premium 4 BHK in Silicon Suburbs,"₹ 8,656,210 /- Only",2537 Sq-Ft,4 BHK,Silicon Suburbs,12.921482405944921,77.63173394308416
Premium 2 BHK in Downtown Core,"₹ 5,533,064 /- Only",1065 Sq-Ft,2 BHK,Downtown Core,12.983170803859473,77.59889004223746
Premium 1 BHK in Riverside Estates,"₹ 2,354,492 /- Only",715 Sq-Ft,1 BHK,Riverside Estates,13.025905078100296,77.53987841288246
Premium 3 BHK in Silicon Suburbs,"₹ 7,088,461 /- Only",2155 Sq-Ft,3 BHK,Silicon Suburbs,12.930690939149578,77.63904206792125
Premium 4 BHK in Riverside Estates,"₹ 9,799,531 /- Only",2938 Sq-Ft,4 BHK,Riverside Estates,13.017997896843536,77.54792631721473
Premium 2 BHK in Greenwood Valley,"₹ 3,947,088 /- Only",1125 Sq-Ft,2 BHK,Greenwood Valley,12.99326904169914,77.74505759752098
Premium 2 BHK in Riverside Estates,"₹ 4,852,517 /- Only",1444 Sq-Ft,2 BHK,Riverside Estates,13.025589160115036,77.54734331215332
Premium 4 BHK in Downtown Core,"₹ 12,259,600 /- Only",2370 Sq-Ft,4 BHK,Downtown Core,12.981117887130143,77.58959823530947
Premium 4 BHK in Downtown Core,"₹ 14,182,173 /- Only",2786 Sq-Ft,4 BHK,Downtown Core,12.978548207648542,77.60393874890825
Premium 3 BHK in Riverside Estates,"₹ 7,187,788 /- Only",2136 Sq-Ft,3 BHK,Riverside Estates,13.032382201087572,77.54223793094646
Premium 1 BHK in Silicon Suburbs,"₹ 1,978,842 /- Only",604 Sq-Ft,1 BHK,Silicon Suburbs,12.933136267313316,77.62099082163523
Premium 1 BHK in Silicon Suburbs,"₹ 2,246,615 /- Only",693 Sq-Ft,1 BHK,Silicon Suburbs,12.92397772628322,77.61534563288055
Premium 1 BHK in Greenwood Valley,"₹ 2,286,160 /- Only",677 Sq-Ft,1 BHK,Greenwood Valley,12.982669175943267,77.74709510531204
Premium 4 BHK in Greenwood Valley,"₹ 9,171,760 /- Only",2690 Sq-Ft,4 BHK,Greenwood Valley,12.973901553542243,77.75081430084771
Premium 4 BHK in Riverside Estates,"₹ 8,495,406 /- Only",2413 Sq-Ft,4 BHK,Riverside Estates,13.023503934872947,77.53277988257813
Premium 3 BHK in Riverside Estates,"₹ 6,833,943 /- Only",1989 Sq-Ft,3 BHK,Riverside Estates,13.036218496999858,77.54371795142816
Premium 3 BHK in Riverside Estates,"₹ 6,710,261 /- Only",1922 Sq-Ft,3 BHK,Riverside Estates,13.027400100996225,77.5411258109556
Premium 2 BHK in Riverside Estates,"₹ 4,797,132 /- Only",1386 Sq-Ft,2 BHK,Riverside Estates,13.0233206394031,77.54434526538654
Premium 4 BHK in Greenwood Valley,"₹ 9,490,721 /- Only",2787 Sq-Ft,4 BHK,Greenwood Valley,12.982202529967006,77.7607961974382
Premium 3 BHK in Greenwood Valley,"₹ 7,246,716 /- Only",2201 Sq-Ft,3 BHK,Greenwood Valley,12.982927802159553,77.75402691189328
Premium 2 BHK in Greenwood Valley,"₹ 4,246,306 /- Only",1211 Sq-Ft,2 BHK,Greenwood Valley,12.983118756818753,77.75256362876353
Premium 3 BHK in Silicon Suburbs,"₹ 6,730,720 /- Only",1987 Sq-Ft,3 BHK,Silicon Suburbs,12.927826466664188,77.63460035197751
Premium 3 BHK in Silicon Suburbs,"₹ 6,394,953 /- Only",1841 Sq-Ft,3 BHK,Silicon Suburbs,12.92602631740556,77.62263320642397
Premium 3 BHK in Downtown Core,"₹ 9,723,130 /- Only",1881 Sq-Ft,3 BHK,Downtown Core,12.962101401731225,77.60146220195206
Premium 4 BHK in Silicon Suburbs,"₹ 7,627,593 /- Only",2165 Sq-Ft,4 BHK,Silicon Suburbs,12.931187126993315,77.63662775301593
Premium 1 BHK in Silicon Suburbs,"₹ 2,181,824 /- Only",588 Sq-Ft,1 BHK,Silicon Suburbs,12.919801781693034,77.62711899327672
Premium 3 BHK in Greenwood Valley,"₹ 7,302,088 /- Only",2163 Sq-Ft,3 BHK,Greenwood Valley,12.98710358581824,77.74134133024096
Premium 1 BHK in Silicon Suburbs,"₹ 2,351,414 /- Only",713 Sq-Ft,1 BHK,Silicon Suburbs,12.936403330908686,77.63003045742434
Premium 2 BHK in Downtown Core,"₹ 7,351,468 /- Only",1487 Sq-Ft,2 BHK,Downtown Core,12.96814961769285,77.58637519344121
Premium 2 BHK in Greenwood Valley,"₹ 4,723,936 /- Only",1348 Sq-Ft,2 BHK,Greenwood Valley,12.978452821753352,77.74106859468978
Premium 1 BHK in Silicon Suburbs,"₹ 2,183,598 /- Only",608 Sq-Ft,1 BHK,Silicon Suburbs,12.9174636401859,77.61591474629603
Premium 1 BHK in Greenwood Valley,"₹ 2,322,990 /- Only",719 Sq-Ft,1 BHK,Greenwood Valley,12.980352591614404,77.76054973970776
Premium 3 BHK in Riverside Estates,"₹ 5,979,991 /- Only",1727 Sq-Ft,3 BHK,Riverside Estates,13.017485293577412,77.53719825479638
Premium 2 BHK in Riverside Estates,"₹ 4,408,512 /- Only",1335 Sq-Ft,2 BHK,Riverside Estates,13.018923074727372,77.53381787068294
Premium 1 BHK in Riverside Estates,"₹ 2,289,443 /- Only",721 Sq-Ft,1 BHK,Riverside Estates,13.03111434616203,77.5525301233438
Premium 1 BHK in Greenwood Valley,"₹ 2,192,148 /- Only",645 Sq-Ft,1 BHK,Greenwood Valley,12.987300541461446,77.74804805525685
Premium 2 BHK in Riverside Estates,"₹ 4,719,571 /- Only",1427 Sq-Ft,2 BHK,Riverside Estates,13.025835380971248,77.53468301765335
Premium 3 BHK in Greenwood Valley,"₹ 5,888,886 /- Only",1688 Sq-Ft,3 BHK,Greenwood Valley,12.973042902037998,77.74953723041223
Premium 2 BHK in Downtown Core,"₹ 6,452,311 /- Only",1273 Sq-Ft,2 BHK,Downtown Core,12.972699158692905,77.59155162938195
Premium 1 BHK in Greenwood Valley,"₹ 2,041,895 /- Only",639 Sq-Ft,1 BHK,Greenwood Valley,12.985795549578699,77.75077424768041
Premium 2 BHK in Greenwood Valley,"₹ 4,116,367 /- Only",1216 Sq-Ft,2 BHK,Greenwood Valley,12.989494199951773,77.74219891123049
Premium 4 BHK in Silicon Suburbs,"₹ 8,408,328 /- Only",2434 Sq-Ft,4 BHK,Silicon Suburbs,12.919151845557685,77.61707940009616
Premium 1 BHK in Silicon Suburbs,"₹ 2,435,467 /- Only",728 Sq-Ft,1 BHK,Silicon Suburbs,12.916657510247358,77.61702501703077
Premium 3 BHK in Riverside Estates,"₹ 7,479,302 /- Only",2204 Sq-Ft,3 BHK,Riverside Estates,13.034381208883719,77.5454809357502
Premium 3 BHK in Greenwood Valley,"₹ 6,746,158 /- Only",1961 Sq-Ft,3 BHK,Greenwood Valley,12.98790144454974,77.75712842809914
Premium 1 BHK in Greenwood Valley,"₹ 2,011,048 /- Only",608 Sq-Ft,1 BHK,Greenwood Valley,12.981763366302536,77.74378164483981
Premium 4 BHK in Riverside Estates,"₹ 9,026,202 /- Only",2637 Sq-Ft,4 BHK,Riverside Estates,13.030961749185694,77.54217148906014
Premium 3 BHK in Downtown Core,"₹ 9,207,816 /- Only",1776 Sq-Ft,3 BHK,Downtown Core,12.965814321040622,77.59474886435382
Premium 4 BHK in Silicon Suburbs,"₹ 8,729,772 /- Only",2536 Sq-Ft,4 BHK,Silicon Suburbs,12.931680296209418,77.63655493206734
Premium 4 BHK in Greenwood Valley,"₹ 9,092,653 /- Only",2709 Sq-Ft,4 BHK,Greenwood Valley,12.991659287278209,77.74788486919135
Premium 1 BHK in Silicon Suburbs,"₹ 1,910,106 /- Only",520 Sq-Ft,1 BHK,Silicon Suburbs,12.918660734557504,77.62176413715379
Premium 4 BHK in Downtown Core,"₹ 13,014,177 /- Only",2563 Sq-Ft,4 BHK,Downtown Core,12.969381811056792,77.59135257790713
Premium 3 BHK in Downtown Core,"₹ 10,951,756 /- Only",2142 Sq-Ft,3 BHK,Downtown Core,12.968671653326446,77.59535076967593
Premium 1 BHK in Greenwood Valley,"₹ 2,336,164 /- Only",699 Sq-Ft,1 BHK,Greenwood Valley,12.972927464658152,77.75132114341953
Premium 3 BHK in Silicon Suburbs,"₹ 6,503,914 /- Only",1921 Sq-Ft,3 BHK,Silicon Suburbs,12.935129458473732,77.62327693941846
Premium 3 BHK in Riverside Estates,"₹ 6,695,506 /- Only",1972 Sq-Ft,3 BHK,Riverside Estates,13.01845521150289,77.54977899873421
Premium 4 BHK in Downtown Core,"₹ 14,798,219 /- Only",2928 Sq-Ft,4 BHK,Downtown Core,12.96062874871492,77.60200346878118
Premium 2 BHK in Greenwood Valley,"₹ 4,324,826 /- Only",1295 Sq-Ft,2 BHK,Greenwood Valley,12.984531380134506,77.75853745455599
Premium 4 BHK in Downtown Core,"₹ 12,956,253 /- Only",2543 Sq-Ft,4 BHK,Downtown Core,12.960288234078794,77.5874803233253
Premium 2 BHK in Downtown Core,"₹ 5,671,346 /- Only",1085 Sq-Ft,2 BHK,Downtown Core,12.973291868909829,77.58468363759678
Premium 2 BHK in Silicon Suburbs,"₹ 4,652,387 /- Only",1368 Sq-Ft,2 BHK,Silicon Suburbs,12.92698446596422,77.63614763390854
Premium 4 BHK in Riverside Estates,"₹ 9,030,593 /- Only",2691 Sq-Ft,4 BHK,Riverside Estates,13.020012704612938,77.54012765793912
Premium 4 BHK in Silicon Suburbs,"₹ 9,563,974 /- Only",2839 Sq-Ft,4 BHK,Silicon Suburbs,12.939736664645778,77.6177355409897
Premium 3 BHK in Greenwood Valley,"₹ 6,901,447 /- Only",2041 Sq-Ft,3 BHK,Greenwood Valley,12.98262022018939,77.75443652102972
Premium 2 BHK in Greenwood Valley,"₹ 4,184,133 /- Only",1171 Sq-Ft,2 BHK,Greenwood Valley,12.981222779057271,77.74659583470782
Premium 1 BHK in Greenwood Valley,"₹ 2,420,866 /- Only",674 Sq-Ft,1 BHK,Greenwood Valley,12.97230030889999,77.7460747992463
Premium 2 BHK in Silicon Suburbs,"₹ 4,130,489 /- Only",1191 Sq-Ft,2 BHK,Silicon Suburbs,12.929530453118558,77.63670273760823
Premium 1 BHK in Riverside Estates,"₹ 2,354,826 /- Only",742 Sq-Ft,1 BHK,Riverside Estates,13.028756481722718,77.53909600273327
Premium 3 BHK in Greenwood Valley,"₹ 7,360,818 /- Only",2163 Sq-Ft,3 BHK,Greenwood Valley,12.988090944975301,77.75946410840275
Premium 4 BHK in Downtown Core,"₹ 11,815,647 /- Only",2264 Sq-Ft,4 BHK,Downtown Core,12.973406919214343,77.60546620292313
Premium 3 BHK in Riverside Estates,"₹ 6,716,024 /- Only",1961 Sq-Ft,3 BHK,Riverside Estates,13.036319251877703,77.53079055001022
Premium 1 BHK in Greenwood Valley,"₹ 2,221,358 /- Only",697 Sq-Ft,1 BHK,Greenwood Valley,12.98887407468508,77.7476416179005
Premium 1 BHK in Downtown Core,"₹ 3,487,720 /- Only",706 Sq-Ft,1 BHK,Downtown Core,12.969782670704538,77.58302849926798
Premium 4 BHK in Silicon Suburbs,"₹ 9,852,678 /- Only",2992 Sq-Ft,4 BHK,Silicon Suburbs,12.926605402112717,77.63342731293399
Premium 3 BHK in Silicon Suburbs,"₹ 6,659,581 /- Only",1910 Sq-Ft,3 BHK,Silicon Suburbs,12.924718833877339,77.61852634402267
Premium 2 BHK in Silicon Suburbs,"₹ 4,312,246 /- Only",1278 Sq-Ft,2 BHK,Silicon Suburbs,12.916687841028416,77.6358124968655
Premium 2 BHK in Riverside Estates,"₹ 3,970,646 /- Only",1168 Sq-Ft,2 BHK,Riverside Estates,13.0217072536456,77.53312728736456
Premium 3 BHK in Riverside Estates,"₹ 7,191,488 /- Only",2091 Sq-Ft,3 BHK,Riverside Estates,13.019901552945353,77.53831206064245
Premium 1 BHK in Riverside Estates,"₹ 2,323,698 /- Only",713 Sq-Ft,1 BHK,Riverside Estates,13.038620826942038,77.54939899290574
Premium 1 BHK in Riverside Estates,"₹ 2,494,907 /- Only",755 Sq-Ft,1 BHK,Riverside Estates,13.037988007653658,77.54651257623559
Premium 3 BHK in Silicon Suburbs,"₹ 7,421,628 /- Only",2209 Sq-Ft,3 BHK,Silicon Suburbs,12.933455368798864,77.61825965001779
Premium 4 BHK in Riverside Estates,"₹ 8,878,759 /- Only",2561 Sq-Ft,4 BHK,Riverside Estates,13.038153210229765,77.54951326411457
Premium 2 BHK in Riverside Estates,"₹ 4,987,245 /- Only",1461 Sq-Ft,2 BHK,Riverside Estates,13.037251699788294,77.53803724903845
Premium 3 BHK in Greenwood Valley,"₹ 6,835,084 /- Only",2016 Sq-Ft,3 BHK,Greenwood Valley,12.991445371752391,77.75258909002414
Premium 4 BHK in Silicon Suburbs,"₹ 8,340,907 /- Only",2426 Sq-Ft,4 BHK,Silicon Suburbs,12.92851281867043,77.63355921563975
Premium 2 BHK in Greenwood Valley,"₹ 4,183,407 /- Only",1197 Sq-Ft,2 BHK,Greenwood Valley,12.993351286468021,77.74451879858555
Premium 2 BHK in Greenwood Valley,"₹ 4,689,546 /- Only",1440 Sq-Ft,2 BHK,Greenwood Valley,12.978196116274756,77.74599138526992
Premium 1 BHK in Silicon Suburbs,"₹ 1,941,198 /- Only",561 Sq-Ft,1 BHK,Silicon Suburbs,12.935517524293681,77.63637058264649
Premium 1 BHK in Silicon Suburbs,"₹ 2,081,419 /- Only",610 Sq-Ft,1 BHK,Silicon Suburbs,12.919078022509538,77.6374063386559
Premium 4 BHK in Silicon Suburbs,"₹ 9,366,927 /- Only",2794 Sq-Ft,4 BHK,Silicon Suburbs,12.921209327193564,77.62181181609827
Premium 2 BHK in Silicon Suburbs,"₹ 5,004,199 /- Only",1454 Sq-Ft,2 BHK,Silicon Suburbs,12.925632095512432,77.62840519068024
Premium 3 BHK in Riverside Estates,"₹ 6,321,904 /- Only",1850 Sq-Ft,3 BHK,Riverside Estates,13.033929444540206,77.53989296906381
Premium 1 BHK in Silicon Suburbs,"₹ 2,065,557 /- Only",579 Sq-Ft,1 BHK,Silicon Suburbs,12.934015280379494,77.63008395799447
Premium 2 BHK in Riverside Estates,"₹ 4,706,479 /- Only",1376 Sq-Ft,2 BHK,Riverside Estates,13.03350413726582,77.53012338275815
Premium 1 BHK in Greenwood Valley,"₹ 1,955,541 /- Only",568 Sq-Ft,1 BHK,Greenwood Valley,12.992651511791777,77.75944401849934
Premium 1 BHK in Silicon Suburbs,"₹ 2,300,002 /- Only",642 Sq-Ft,1 BHK,Silicon Suburbs,12.917079977854536,77.62280363288325
Premium 3 BHK in Greenwood Valley,"₹ 6,693,618 /- Only",2008 Sq-Ft,3 BHK,Greenwood Valley,12.982819704480535,77.74184618129054
Premium 4 BHK in Silicon Suburbs,"₹ 8,813,976 /- Only",2590 Sq-Ft,4 BHK,Silicon Suburbs,12.918311692488508,77.63485486004429
Premium 1 BHK in Silicon Suburbs,"₹ 2,300,105 /- Only",711 Sq-Ft,1 BHK,Silicon Suburbs,12.937197725287843,77.62035645837844
Premium 1 BHK in Greenwood Valley,"₹ 1,893,664 /- Only",576 Sq-Ft,1 BHK,Greenwood Valley,12.985286484806602,77.75014615414335
Premium 3 BHK in Downtown Core,"₹ 8,810,754 /- Only",1719 Sq-Ft,3 BHK,Downtown Core,12.96023906698007,77.60509146794465
Premium 4 BHK in Greenwood Valley,"₹ 8,504,780 /- Only",2494 Sq-Ft,4 BHK,Greenwood Valley,12.989857635619199,77.75005513349188
Premium 2 BHK in Riverside Estates,"₹ 4,507,026 /- Only",1373 Sq-Ft,2 BHK,Riverside Estates,13.028098364043046,77.55119560959821
Premium 2 BHK in Downtown Core,"₹ 5,630,726 /- Only",1100 Sq-Ft,2 BHK,Downtown Core,12.963992352967228,77.6030351828148
Premium 1 BHK in Silicon Suburbs,"₹ 2,163,022 /- Only",653 Sq-Ft,1 BHK,Silicon Suburbs,12.921565429043786,77.63878497579628
Premium 2 BHK in Downtown Core,"₹ 6,454,960 /- Only",1284 Sq-Ft,2 BHK,Downtown Core,12.982768723009743,77.59087306909527
Premium 1 BHK in Downtown Core,"₹ 3,562,375 /- Only",686 Sq-Ft,1 BHK,Downtown Core,12.973248205688535,77.58689743641969
Premium 2 BHK in Downtown Core,"₹ 7,398,779 /- Only",1485 Sq-Ft,2 BHK,Downtown Core,12.9777552965216,77.59468545429998
Premium 1 BHK in Greenwood Valley,"₹ 2,125,977 /- Only",653 Sq-Ft,1 BHK,Greenwood Valley,12.986479931654198,77.75778599808311
Premium 2 BHK in Downtown Core,"₹ 5,894,634 /- Only",1149 Sq-Ft,2 BHK,Downtown Core,12.967655984791666,77.59776763422569
Premium 1 BHK in Riverside Estates,"₹ 2,049,337 /- Only",640 Sq-Ft,1 BHK,Riverside Estates,13.025837878845925,77.53975919645332
Premium 1 BHK in Silicon Suburbs,"₹ 2,206,761 /- Only",598 Sq-Ft,1 BHK,Silicon Suburbs,12.93769985361292,77.61992119550877
Premium 2 BHK in Riverside Estates,"₹ 4,201,058 /- Only",1235 Sq-Ft,2 BHK,Riverside Estates,13.035831990471012,77.53884908728693
Premium 2 BHK in Silicon Suburbs,"₹ 4,548,188 /- Only",1354 Sq-Ft,2 BHK,Silicon Suburbs,12.936364503698272,77.62211279812774
Premium 1 BHK in Greenwood Valley,"₹ 1,992,529 /- Only",578 Sq-Ft,1 BHK,Greenwood Valley,12.980768828513455,77.76016034262524
Premium 2 BHK in Downtown Core,"₹ 5,858,555 /- Only",1131 Sq-Ft,2 BHK,Downtown Core,12.966168618638957,77.59315626433226
Premium 4 BHK in Riverside Estates,"₹ 7,978,450 /- Only",2229 Sq-Ft,4 BHK,Riverside Estates,13.016596644547866,77.53058968066442
Premium 2 BHK in Downtown Core,"₹ 6,286,452 /- Only",1226 Sq-Ft,2 BHK,Downtown Core,12.97046703227946,77.58729790236602
Premium 4 BHK in Riverside Estates,"₹ 9,449,403 /- Only",2800 Sq-Ft,4 BHK,Riverside Estates,13.02150094062873,77.55114257978951
Premium 3 BHK in Silicon Suburbs,"₹ 7,259,051 /- Only",2162 Sq-Ft,3 BHK,Silicon Suburbs,12.9280786155499,77.63357740168998
Premium 4 BHK in Greenwood Valley,"₹ 9,294,734 /- Only",2702 Sq-Ft,4 BHK,Greenwood Valley,12.98541587268232,77.73863310472596
Premium 3 BHK in Riverside Estates,"₹ 7,054,592 /- Only",2120 Sq-Ft,3 BHK,Riverside Estates,13.037363973486137,77.54972897127993
Premium 2 BHK in Silicon Suburbs,"₹ 4,356,941 /- Only",1259 Sq-Ft,2 BHK,Silicon Suburbs,12.916274756064848,77.6158882681076
Premium 4 BHK in Silicon Suburbs,"₹ 9,734,774 /- Only",2881 Sq-Ft,4 BHK,Silicon Suburbs,12.939069771898746,77.62932019994727
Premium 1 BHK in Greenwood Valley,"₹ 2,321,513 /- Only",683 Sq-Ft,1 BHK,Greenwood Valley,12.990592215695628,77.74051010722636
Premium 4 BHK in Silicon Suburbs,"₹ 8,253,527 /- Only",2366 Sq-Ft,4 BHK,Silicon Suburbs,12.92727193758708,77.62354061616995
Premium 3 BHK in Downtown Core,"₹ 11,122,652 /- Only",2194 Sq-Ft,3 BHK,Downtown Core,12.976302175748708,77.5970778495569
Premium 2 BHK in Downtown Core,"₹ 7,231,170 /- Only",1445 Sq-Ft,2 BHK,Downtown Core,12.968758732970048,77.59751286667552
Premium 1 BHK in Greenwood Valley,"₹ 2,414,492 /- Only",742 Sq-Ft,1 BHK,Greenwood Valley,12.977568298818897,77.75358665720111
Premium 4 BHK in Riverside Estates,"₹ 8,825,452 /- Only",2541 Sq-Ft,4 BHK,Riverside Estates,13.030662247874975,77.55301550095311
Premium 2 BHK in Downtown Core,"₹ 6,221,085 /- Only",1181 Sq-Ft,2 BHK,Downtown Core,12.969962130085326,77.59710419647831
Premium 4 BHK in Greenwood Valley,"₹ 8,708,264 /- Only",2554 Sq-Ft,4 BHK,Greenwood Valley,12.982070649731986,77.74053104849882
Premium 3 BHK in Silicon Suburbs,"₹ 6,161,530 /- Only",1789 Sq-Ft,3 BHK,Silicon Suburbs,12.929476716072987,77.63517350119226
Premium 2 BHK in Downtown Core,"₹ 7,043,216 /- Only",1398 Sq-Ft,2 BHK,Downtown Core,12.959958801872348,77.58365905887023
Premium 2 BHK in Downtown Core,"₹ 6,697,697 /- Only",1279 Sq-Ft,2 BHK,Downtown Core,12.966120004560059,77.58415543811908
Premium 3 BHK in Riverside Estates,"₹ 5,983,608 /- Only",1698 Sq-Ft,3 BHK,Riverside Estates,13.034734138205712,77.53300718207612
Premium 3 BHK in Downtown Core,"₹ 11,206,842 /- Only",2222 Sq-Ft,3 BHK,Downtown Core,12.982921875455215,77.58585573751174
Premium 2 BHK in Downtown Core,"₹ 7,272,320 /- Only",1456 Sq-Ft,2 BHK,Downtown Core,12.97645621209115,77.60008538901674
Premium 2 BHK in Greenwood Valley,"₹ 4,674,789 /- Only",1380 Sq-Ft,2 BHK,Greenwood Valley,12.990122220809553,77.74436813395985
Premium 1 BHK in Riverside Estates,"₹ 2,043,335 /- Only",593 Sq-Ft,1 BHK,Riverside Estates,13.034557698122187,77.53340606131397
Premium 1 BHK in Riverside Estates,"₹ 2,176,288 /- Only",612 Sq-Ft,1 BHK,Riverside Estates,13.037064594102166,77.53546667289679
Premium 4 BHK in Silicon Suburbs,"₹ 8,683,255 /- Only",2524 Sq-Ft,4 BHK,Silicon Suburbs,12.917479613043483,77.61737501475022
Premium 4 BHK in Greenwood Valley,"₹ 8,655,088 /- Only",2532 Sq-Ft,4 BHK,Greenwood Valley,12.974455346490815,77.7586252926391
Premium 3 BHK in Greenwood Valley,"₹ 6,537,712 /- Only",1922 Sq-Ft,3 BHK,Greenwood Valley,12.98082390618365,77.74004727000363
Premium 3 BHK in Riverside Estates,"₹ 7,573,899 /- Only",2247 Sq-Ft,3 BHK,Riverside Estates,13.02573532486722,77.55230972987998
Premium 4 BHK in Riverside Estates,"₹ 9,259,051 /- Only",2724 Sq-Ft,4 BHK,Riverside Estates,13.038505761433644,77.54198720698234
Premium 1 BHK in Downtown Core,"₹ 3,732,510 /- Only",739 Sq-Ft,1 BHK,Downtown Core,12.974698686771426,77.60483617500003
Premium 3 BHK in Riverside Estates,"₹ 6,193,754 /- Only",1834 Sq-Ft,3 BHK,Riverside Estates,13.029727004830054,77.54563429653655
Premium 2 BHK in Silicon Suburbs,"₹ 4,404,945 /- Only",1319 Sq-Ft,2 BHK,Silicon Suburbs,12.929277652864009,77.61930031484779
Premium 3 BHK in Greenwood Valley,"₹ 7,230,788 /- Only",2133 Sq-Ft,3 BHK,Greenwood Valley,12.987357148697733,77.73883502847274
Premium 3 BHK in Silicon Suburbs,"₹ 6,499,652 /- Only",1912 Sq-Ft,3 BHK,Silicon Suburbs,12.925368376667407,77.6390452980184
Premium 1 BHK in Silicon Suburbs,"₹ 2,362,202 /- Only",713 Sq-Ft,1 BHK,Silicon Suburbs,12.929828601789021,77.62919696449845
Premium 3 BHK in Downtown Core,"₹ 9,308,850 /- Only",1822 Sq-Ft,3 BHK,Downtown Core,12.960636689623396,77.60335666172698
Premium 2 BHK in Greenwood Valley,"₹ 4,754,450 /- Only",1404 Sq-Ft,2 BHK,Greenwood Valley,12.989954167193043,77.74418244155406
Premium 2 BHK in Riverside Estates,"₹ 3,980,772 /- Only",1157 Sq-Ft,2 BHK,Riverside Estates,13.039703493019752,77.53270092582774
Premium 2 BHK in Riverside Estates,"₹ 4,247,412 /- Only",1235 Sq-Ft,2 BHK,Riverside Estates,13.022092742323265,77.53552595399327
Premium 1 BHK in Greenwood Valley,"₹ 2,269,563 /- Only",641 Sq-Ft,1 BHK,Greenwood Valley,12.983570809452067,77.74509771164344
Premium 3 BHK in Riverside Estates,"₹ 7,004,486 /- Only",2052 Sq-Ft,3 BHK,Riverside Estates,13.025717709347141,77.54390402421976
Premium 2 BHK in Downtown Core,"₹ 5,831,147 /- Only",1098 Sq-Ft,2 BHK,Downtown Core,12.966061188245604,77.60092505226615
Premium 3 BHK in Downtown Core,"₹ 9,907,178 /- Only",1911 Sq-Ft,3 BHK,Downtown Core,12.965593291213676,77.58978948749066
Premium 4 BHK in Silicon Suburbs,"₹ 9,113,035 /- Only",2717 Sq-Ft,4 BHK,Silicon Suburbs,12.932054814224546,77.63285827229831
Premium 1 BHK in Downtown Core,"₹ 3,728,902 /- Only",722 Sq-Ft,1 BHK,Downtown Core,12.966030112473714,77.6001127394791
Premium 4 BHK in Downtown Core,"₹ 13,032,788 /- Only",2545 Sq-Ft,4 BHK,Downtown Core,12.970315610293367,77.59385033106012
Premium 2 BHK in Riverside Estates,"₹ 4,824,272 /- Only",1437 Sq-Ft,2 BHK,Riverside Estates,13.031771398407923,77.53742217678564
Premium 1 BHK in Downtown Core,"₹ 3,421,293 /- Only",690 Sq-Ft,1 BHK,Downtown Core,12.968569929901538,77.60485461858107
Premium 3 BHK in Riverside Estates,"₹ 6,183,553 /- Only",1752 Sq-Ft,3 BHK,Riverside Estates,13.029516749560448,77.53364031776455
Premium 3 BHK in Silicon Suburbs,"₹ 6,283,918 /- Only",1831 Sq-Ft,3 BHK,Silicon Suburbs,12.916220269788852,77.62404948420722
Premium 3 BHK in Silicon Suburbs,"₹ 5,714,143 /- Only",1650 Sq-Ft,3 BHK,Silicon Suburbs,12.924074274128566,77.62631340733135
Premium 2 BHK in Riverside Estates,"₹ 4,024,484 /- Only",1109 Sq-Ft,2 BHK,Riverside Estates,13.023787067056446,77.54716529605878
Premium 3 BHK in Riverside Estates,"₹ 7,268,681 /- Only",2198 Sq-Ft,3 BHK,Riverside Estates,13.02434274738272,77.54993674375821
Premium 2 BHK in Riverside Estates,"₹ 3,843,631 /- Only",1081 Sq-Ft,2 BHK,Riverside Estates,13.03767886764131,77.53435570686722
Premium 2 BHK in Downtown Core,"₹ 7,307,974 /- Only",1455 Sq-Ft,2 BHK,Downtown Core,12.97084254966885,77.59142169053149
Premium 1 BHK in Riverside Estates,"₹ 2,186,769 /- Only",675 Sq-Ft,1 BHK,Riverside Estates,13.040034710018775,77.54473304087124
Premium 3 BHK in Greenwood Valley,"₹ 6,882,703 /- Only",2001 Sq-Ft,3 BHK,Greenwood Valley,12.99205808957967,77.74362820855033
Premium 1 BHK in Riverside Estates,"₹ 1,884,807 /- Only",513 Sq-Ft,1 BHK,Riverside Estates,13.023065437783444,77.54823144788743
Premium 1 BHK in Downtown Core,"₹ 3,270,722 /- Only",639 Sq-Ft,1 BHK,Downtown Core,12.969238761260941,77.60103594603866
Premium 2 BHK in Downtown Core,"₹ 5,731,247 /- Only",1128 Sq-Ft,2 BHK,Downtown Core,12.966887690690447,77.60263918554156
Premium 4 BHK in Downtown Core,"₹ 11,878,119 /- Only",2269 Sq-Ft,4 BHK,Downtown Core,12.977741976352231,77.60002979327439
Premium 2 BHK in Silicon Suburbs,"₹ 4,124,783 /- Only",1170 Sq-Ft,2 BHK,Silicon Suburbs,12.91814233805334,77.62700249583354
Premium 2 BHK in Riverside Estates,"₹ 4,215,497 /- Only",1185 Sq-Ft,2 BHK,Riverside Estates,13.03876748848873,77.54690364255664
Premium 1 BHK in Silicon Suburbs,"₹ 2,127,774 /- Only",571 Sq-Ft,1 BHK,Silicon Suburbs,12.923473744256277,77.61907972885372
Premium 2 BHK in Riverside Estates,"₹ 3,847,688 /- Only",1078 Sq-Ft,2 BHK,Riverside Estates,13.025577826677244,77.55353996847579
Premium 2 BHK in Riverside Estates,"₹ 4,362,297 /- Only",1265 Sq-Ft,2 BHK,Riverside Estates,13.024310649540347,77.53945800946113
Premium 1 BHK in Riverside Estates,"₹ 1,873,796 /- Only",536 Sq-Ft,1 BHK,Riverside Estates,13.037465297093874,77.53816671099726
Premium 4 BHK in Downtown Core,"₹ 12,426,502 /- Only",2402 Sq-Ft,4 BHK,Downtown Core,12.962966805547309,77.58317024515543
Premium 2 BHK in Riverside Estates,"₹ 4,450,377 /- Only",1296 Sq-Ft,2 BHK,Riverside Estates,13.020524701964689,77.53853923907651
Premium 3 BHK in Greenwood Valley,"₹ 7,335,920 /- Only",2171 Sq-Ft,3 BHK,Greenwood Valley,12.990661845646287,77.7555217562837
Premium 3 BHK in Greenwood Valley,"₹ 6,694,463 /- Only",1992 Sq-Ft,3 BHK,Greenwood Valley,12.97750767190378,77.74362560436396
Premium 3 BHK in Riverside Estates,"₹ 6,160,947 /- Only",1819 Sq-Ft,3 BHK,Riverside Estates,13.01937202103034,77.54179154899586
Premium 3 BHK in Greenwood Valley,"₹ 6,231,861 /- Only",1832 Sq-Ft,3 BHK,Greenwood Valley,12.992368554490064,77.74124064704755
Premium 3 BHK in Downtown Core,"₹ 10,474,878 /- Only",2035 Sq-Ft,3 BHK,Downtown Core,12.97498251671246,77.58634667117452
Premium 2 BHK in Downtown Core,"₹ 6,301,112 /- Only",1223 Sq-Ft,2 BHK,Downtown Core,12.974024013147472,77.59027967382686
Premium 3 BHK in Downtown Core,"₹ 9,379,386 /- Only",1843 Sq-Ft,3 BHK,Downtown Core,12.959618146967001,77.59284884351409
Premium 3 BHK in Greenwood Valley,"₹ 6,951,770 /- Only",2102 Sq-Ft,3 BHK,Greenwood Valley,12.983284061034928,77.73912137133354
Premium 1 BHK in Greenwood Valley,"₹ 2,150,668 /- Only",659 Sq-Ft,1 BHK,Greenwood Valley,12.98246871364276,77.7501482040362
Premium 4 BHK in Riverside Estates,"₹ 8,859,529 /- Only",2588 Sq-Ft,4 BHK,Riverside Estates,13.03221011037911,77.54562535721935
Premium 3 BHK in Silicon Suburbs,"₹ 5,946,763 /- Only",1722 Sq-Ft,3 BHK,Silicon Suburbs,12.934691462341059,77.63867849340015
Premium 4 BHK in Riverside Estates,"₹ 7,851,335 /- Only",2234 Sq-Ft,4 BHK,Riverside Estates,13.040424663689054,77.55275719553515
Premium 2 BHK in Riverside Estates,"₹ 4,088,845 /- Only",1205 Sq-Ft,2 BHK,Riverside Estates,13.026168671481306,77.54595824574804
Premium 4 BHK in Silicon Suburbs,"₹ 8,570,586 /- Only",2532 Sq-Ft,4 BHK,Silicon Suburbs,12.936041783092017,77.6204777229826
Premium 4 BHK in Riverside Estates,"₹ 9,714,825 /- Only",2855 Sq-Ft,4 BHK,Riverside Estates,13.031920677229595,77.53365880162931
Premium 4 BHK in Riverside Estates,"₹ 10,138,122 /- Only",2997 Sq-Ft,4 BHK,Riverside Estates,13.04048951932257,77.53554109935665
Premium 1 BHK in Downtown Core,"₹ 3,581,377 /- Only",722 Sq-Ft,1 BHK,Downtown Core,12.978114445160294,77.58649648166374
Premium 1 BHK in Riverside Estates,"₹ 2,226,943 /- Only",675 Sq-Ft,1 BHK,Riverside Estates,13.03298945807423,77.53145939624798
Premium 4 BHK in Riverside Estates,"₹ 8,665,020 /- Only",2539 Sq-Ft,4 BHK,Riverside Estates,13.016577258443847,77.54258538438951
Premium 3 BHK in Downtown Core,"₹ 10,266,031 /- Only",2016 Sq-Ft,3 BHK,Downtown Core,12.979674031695755,77.5881303226699
Premium 1 BHK in Downtown Core,"₹ 3,344,209 /- Only",681 Sq-Ft,1 BHK,Downtown Core,12.964622011252613,77.58501035578287
Premium 3 BHK in Silicon Suburbs,"₹ 7,386,612 /- Only",2216 Sq-Ft,3 BHK,Silicon Suburbs,12.937502116903833,77.62075380467797
Premium 1 BHK in Greenwood Valley,"₹ 2,480,566 /- Only",691 Sq-Ft,1 BHK,Greenwood Valley,12.969708409615214,77.74737972574952
Premium 4 BHK in Silicon Suburbs,"₹ 8,911,964 /- Only",2575 Sq-Ft,4 BHK,Silicon Suburbs,12.916498407409458,77.62920277400842
Premium 2 BHK in Silicon Suburbs,"₹ 4,417,736 /- Only",1344 Sq-Ft,2 BHK,Silicon Suburbs,12.92596309792713,77.62798588915622
Premium 3 BHK in Greenwood Valley,"₹ 6,497,212 /- Only",1937 Sq-Ft,3 BHK,Greenwood Valley,12.979779115563893,77.74778134247062
Premium 4 BHK in Downtown Core,"₹ 15,216,914 /- Only",2998 Sq-Ft,4 BHK,Downtown Core,12.961500457311226,77.59176093291171
Premium 1 BHK in Riverside Estates,"₹ 2,161,335 /- Only",600 Sq-Ft,1 BHK,Riverside Estates,13.033984526821984,77.53733438379858
Premium 3 BHK in Downtown Core,"₹ 10,592,929 /- Only",2060 Sq-Ft,3 BHK,Downtown Core,12.968032899159104,77.5930035930504
Premium 1 BHK in Downtown Core,"₹ 2,975,264 /- Only",565 Sq-Ft,1 BHK,Downtown Core,12.977111207509218,77.58852739743537
Premium 4 BHK in Greenwood Valley,"₹ 9,932,376 /- Only",2951 Sq-Ft,4 BHK,Greenwood Valley,12.990337936027558,77.75297555196632
Premium 3 BHK in Silicon Suburbs,"₹ 5,927,810 /- Only",1690 Sq-Ft,3 BHK,Silicon Suburbs,12.91895994426119,77.61680397790307
Premium 1 BHK in Downtown Core,"₹ 2,869,849 /- Only",573 Sq-Ft,1 BHK,Downtown Core,12.964247648354682,77.58789978794589
Premium 3 BHK in Downtown Core,"₹ 8,953,160 /- Only",1751 Sq-Ft,3 BHK,Downtown Core,12.971258103385983,77.58666234188958
Premium 3 BHK in Riverside Estates,"₹ 7,254,388 /- Only",2187 Sq-Ft,3 BHK,Riverside Estates,13.034459893517417,77.53429655035578
Premium 2 BHK in Riverside Estates,"₹ 4,442,604 /- Only",1282 Sq-Ft,2 BHK,Riverside Estates,13.01704146940612,77.55008750408226
Premium 3 BHK in Downtown Core,"₹ 11,035,382 /- Only",2187 Sq-Ft,3 BHK,Downtown Core,12.971900943379046,77.58899239096326
Premium 2 BHK in Greenwood Valley,"₹ 4,231,743 /- Only",1228 Sq-Ft,2 BHK,Greenwood Valley,12.985951129397515,77.76033008437521
Premium 3 BHK in Silicon Suburbs,"₹ 6,599,337 /- Only",1877 Sq-Ft,3 BHK,Silicon Suburbs,12.91974123633519,77.62151132330109
Premium 2 BHK in Greenwood Valley,"₹ 4,549,190 /- Only",1384 Sq-Ft,2 BHK,Greenwood Valley,12.990622476691495,77.75401200931212
Premium 4 BHK in Greenwood Valley,"₹ 7,701,515 /- Only",2182 Sq-Ft,4 BHK,Greenwood Valley,12.991510577542618,77.74138994993953
Premium 4 BHK in Riverside Estates,"₹ 8,826,726 /- Only",2584 Sq-Ft,4 BHK,Riverside Estates,13.033654927842122,77.53248482453533
Premium 1 BHK in Greenwood Valley,"₹ 2,039,030 /- Only",549 Sq-Ft,1 BHK,Greenwood Valley,12.978398108569426,77.75412133016106
Premium 1 BHK in Greenwood Valley,"₹ 2,255,767 /- Only",646 Sq-Ft,1 BHK,Greenwood Valley,12.982089087054552,77.75804721834199
Premium 2 BHK in Downtown Core,"₹ 7,297,908 /- Only",1446 Sq-Ft,2 BHK,Downtown Core,12.964569055408324,77.59162106124904
Premium 4 BHK in Silicon Suburbs,"₹ 8,450,959 /- Only",2476 Sq-Ft,4 BHK,Silicon Suburbs,12.917549746290167,77.62101941493191
Premium 3 BHK in Silicon Suburbs,"₹ 7,654,739 /- Only",2280 Sq-Ft,3 BHK,Silicon Suburbs,12.925187604241838,77.63078586941445
Premium 3 BHK in Downtown Core,"₹ 10,494,452 /- Only",2090 Sq-Ft,3 BHK,Downtown Core,12.967737573931537,77.58425219456846
Premium 2 BHK in Greenwood Valley,"₹ 4,975,531 /- Only",1486 Sq-Ft,2 BHK,Greenwood Valley,12.98476499156074,77.74053792800221
Premium 3 BHK in Silicon Suburbs,"₹ 6,051,522 /- Only",1695 Sq-Ft,3 BHK,Silicon Suburbs,12.927550726735621,77.63473537694587
Premium 1 BHK in Riverside Estates,"₹ 1,927,590 /- Only",580 Sq-Ft,1 BHK,Riverside Estates,13.024473248985007,77.55285160563781
Premium 1 BHK in Riverside Estates,"₹ 2,191,448 /- Only",616 Sq-Ft,1 BHK,Riverside Estates,13.0192739380476,77.55148317365226
Premium 4 BHK in Silicon Suburbs,"₹ 8,441,717 /- Only",2399 Sq-Ft,4 BHK,Silicon Suburbs,12.932877807742267,77.63351376778235
Premium 3 BHK in Silicon Suburbs,"₹ 6,079,207 /- Only",1716 Sq-Ft,3 BHK,Silicon Suburbs,12.930315697731443,77.61924541903288
Premium 1 BHK in Downtown Core,"₹ 3,619,122 /- Only",689 Sq-Ft,1 BHK,Downtown Core,12.967800508576506,77.58780920107924
Premium 3 BHK in Greenwood Valley,"₹ 6,253,489 /- Only",1799 Sq-Ft,3 BHK,Greenwood Valley,12.990824757148163,77.75377908585912
Premium 1 BHK in Greenwood Valley,"₹ 2,121,777 /- Only",623 Sq-Ft,1 BHK,Greenwood Valley,12.97002882307935,77.7459917110533
Premium 2 BHK in Riverside Estates,"₹ 3,754,912 /- Only",1074 Sq-Ft,2 BHK,Riverside Estates,13.022782289251953,77.53851186056919
Premium 3 BHK in Downtown Core,"₹ 10,390,117 /- Only",2070 Sq-Ft,3 BHK,Downtown Core,12.982080874754901,77.59704857990035
Premium 1 BHK in Greenwood Valley,"₹ 2,049,717 /- Only",561 Sq-Ft,1 BHK,Greenwood Valley,12.98867568419983,77.7478692806545
Premium 4 BHK in Silicon Suburbs,"₹ 9,431,659 /- Only",2791 Sq-Ft,4 BHK,Silicon Suburbs,12.925290801694755,77.61857648965804
Premium 3 BHK in Riverside Estates,"₹ 6,049,465 /- Only",1753 Sq-Ft,3 BHK,Riverside Estates,13.035424213529886,77.54321355870431
Premium 1 BHK in Greenwood Valley,"₹ 2,252,818 /- Only",677 Sq-Ft,1 BHK,Greenwood Valley,12.974472829263293,77.74706847098629
Premium 4 BHK in Downtown Core,"₹ 13,735,175 /- Only",2722 Sq-Ft,4 BHK,Downtown Core,12.972108534665026,77.60296556464777
Premium 4 BHK in Greenwood Valley,"₹ 7,730,814 /- Only",2218 Sq-Ft,4 BHK,Greenwood Valley,12.978351729712898,77.75975526549757
Premium 4 BHK in Downtown Core,"₹ 12,578,972 /- Only",2413 Sq-Ft,4 BHK,Downtown Core,12.977006378656801,77.58797802942178
Premium 1 BHK in Greenwood Valley,"₹ 2,045,540 /- Only",628 Sq-Ft,1 BHK,Greenwood Valley,12.976221662481883,77.74952225685742
Premium 3 BHK in Silicon Suburbs,"₹ 6,471,896 /- Only",1917 Sq-Ft,3 BHK,Silicon Suburbs,12.924379000687878,77.62757320716082
Premium 1 BHK in Greenwood Valley,"₹ 2,580,765 /- Only",751 Sq-Ft,1 BHK,Greenwood Valley,12.975061063095158,77.75524491636726
Premium 1 BHK in Silicon Suburbs,"₹ 1,857,323 /- Only",572 Sq-Ft,1 BHK,Silicon Suburbs,12.923476368034285,77.61655954013477
Premium 2 BHK in Downtown Core,"₹ 7,436,631 /- Only",1460 Sq-Ft,2 BHK,Downtown Core,12.965236683947156,77.59925118949629
Premium 2 BHK in Silicon Suburbs,"₹ 3,890,049 /- Only",1129 Sq-Ft,2 BHK,Silicon Suburbs,12.923665999437564,77.62559002103596
Premium 1 BHK in Riverside Estates,"₹ 2,142,269 /- Only",651 Sq-Ft,1 BHK,Riverside Estates,13.03616745135173,77.5491734576756
Premium 4 BHK in Downtown Core,"₹ 13,287,466 /- Only",2593 Sq-Ft,4 BHK,Downtown Core,12.976871459284832,77.58598021087154
Premium 2 BHK in Downtown Core,"₹ 6,718,066 /- Only",1300 Sq-Ft,2 BHK,Downtown Core,12.962902153042691,77.60389047994889
Premium 3 BHK in Greenwood Valley,"₹ 6,285,525 /- Only",1808 Sq-Ft,3 BHK,Greenwood Valley,12.989430106535249,77.7395437860237
Premium 2 BHK in Riverside Estates,"₹ 4,336,478 /- Only",1288 Sq-Ft,2 BHK,Riverside Estates,13.03790105423912,77.5481376463397
Premium 2 BHK in Silicon Suburbs,"₹ 4,168,606 /- Only",1213 Sq-Ft,2 BHK,Silicon Suburbs,12.92263054046167,77.63102112384362
Premium 3 BHK in Greenwood Valley,"₹ 7,001,995 /- Only",2101 Sq-Ft,3 BHK,Greenwood Valley,12.973661735474282,77.75567809190777
Premium 3 BHK in Riverside Estates,"₹ 7,131,624 /- Only",2129 Sq-Ft,3 BHK,Riverside Estates,13.0333271002462,77.54347763010671
Premium 2 BHK in Downtown Core,"₹ 6,113,607 /- Only",1195 Sq-Ft,2 BHK,Downtown Core,12.968279932644853,77.58972974758237
Premium 4 BHK in Downtown Core,"₹ 13,392,213 /- Only",2651 Sq-Ft,4 BHK,Downtown Core,12.982579030193865,77.59791800715517
Premium 3 BHK in Silicon Suburbs,"₹ 7,491,514 /- Only",2199 Sq-Ft,3 BHK,Silicon Suburbs,12.919402514401643,77.63703262186048
Premium 2 BHK in Silicon Suburbs,"₹ 4,262,381 /- Only",1237 Sq-Ft,2 BHK,Silicon Suburbs,12.934743156817735,77.62936104670503
Premium 3 BHK in Riverside Estates,"₹ 6,360,617 /- Only",1815 Sq-Ft,3 BHK,Riverside Estates,13.037636545947805,77.54708722366091
Premium 4 BHK in Greenwood Valley,"₹ 9,823,432 /- Only",2894 Sq-Ft,4 BHK,Greenwood Valley,12.975759628464905,77.75963427631817
Premium 4 BHK in Riverside Estates,"₹ 8,518,982 /- Only",2418 Sq-Ft,4 BHK,Riverside Estates,13.029054575941586,77.53883200505439
Premium 3 BHK in Downtown Core,"₹ 9,421,898 /- Only",1849 Sq-Ft,3 BHK,Downtown Core,12.975626785610375,77.58912374731996
Premium 3 BHK in Downtown Core,"₹ 9,108,603 /- Only",1749 Sq-Ft,3 BHK,Downtown Core,12.969625346171137,77.58861138723306
Premium 1 BHK in Downtown Core,"₹ 3,466,451 /- Only",702 Sq-Ft,1 BHK,Downtown Core,12.975761609160378,77.598894653507
Premium 1 BHK in Downtown Core,"₹ 3,365,789 /- Only",632 Sq-Ft,1 BHK,Downtown Core,12.980366600241528,77.58582616156988
Premium 4 BHK in Downtown Core,"₹ 11,734,351 /- Only",2250 Sq-Ft,4 BHK,Downtown Core,12.96020798449641,77.59633004132037
Premium 1 BHK in Downtown Core,"₹ 3,076,236 /- Only",569 Sq-Ft,1 BHK,Downtown Core,12.980797807204494,77.60479852785132
Premium 4 BHK in Silicon Suburbs,"₹ 9,686,711 /- Only",2849 Sq-Ft,4 BHK,Silicon Suburbs,12.922811044532713,77.63842512114027
Premium 3 BHK in Riverside Estates,"₹ 7,435,576 /- Only",2229 Sq-Ft,3 BHK,Riverside Estates,13.036668736733724,77.53574682452926
Premium 1 BHK in Riverside Estates,"₹ 2,432,872 /- Only",684 Sq-Ft,1 BHK,Riverside Estates,13.036120126134776,77.54582091012082
Premium 4 BHK in Downtown Core,"₹ 11,673,578 /- Only",2228 Sq-Ft,4 BHK,Downtown Core,12.96424528901023,77.5846736735259
Premium 2 BHK in Silicon Suburbs,"₹ 4,780,866 /- Only",1436 Sq-Ft,2 BHK,Silicon Suburbs,12.928496939797032,77.62208440450428
Premium 3 BHK in Silicon Suburbs,"₹ 6,254,935 /- Only",1822 Sq-Ft,3 BHK,Silicon Suburbs,12.928479439305494,77.6362621591756
Premium 2 BHK in Silicon Suburbs,"₹ 4,746,000 /- Only",1407 Sq-Ft,2 BHK,Silicon Suburbs,12.926920732102058,77.63527617008265
Premium 1 BHK in Downtown Core,"₹ 3,258,782 /- Only",635 Sq-Ft,1 BHK,Downtown Core,12.971674390665404,77.60000250645447
Premium 1 BHK in Riverside Estates,"₹ 2,074,033 /- Only",629 Sq-Ft,1 BHK,Riverside Estates,13.034507549280931,77.55348593927975
Premium 4 BHK in Greenwood Valley,"₹ 9,452,573 /- Only",2837 Sq-Ft,4 BHK,Greenwood Valley,12.987806274174645,77.75694290239962
Premium 2 BHK in Downtown Core,"₹ 6,447,496 /- Only",1230 Sq-Ft,2 BHK,Downtown Core,12.971309789101655,77.60302401677508
Premium 1 BHK in Riverside Estates,"₹ 2,517,116 /- Only",757 Sq-Ft,1 BHK,Riverside Estates,13.034193188729043,77.52982401992075
Premium 1 BHK in Riverside Estates,"₹ 1,857,011 /- Only",564 Sq-Ft,1 BHK,Riverside Estates,13.017115452824024,77.5352617382672
Premium 1 BHK in Greenwood Valley,"₹ 2,425,289 /- Only",672 Sq-Ft,1 BHK,Greenwood Valley,12.97897795877214,77.74721641730034
Premium 1 BHK in Downtown Core,"₹ 3,728,781 /- Only",716 Sq-Ft,1 BHK,Downtown Core,12.982550197291214,77.60274050853495
Premium 3 BHK in Silicon Suburbs,"₹ 6,585,111 /- Only",1937 Sq-Ft,3 BHK,Silicon Suburbs,12.939698236223258,77.6284843024616
Premium 2 BHK in Greenwood Valley,"₹ 4,106,124 /- Only",1183 Sq-Ft,2 BHK,Greenwood Valley,12.970745506124038,77.75626744233281
Premium 4 BHK in Downtown Core,"₹ 12,328,224 /- Only",2394 Sq-Ft,4 BHK,Downtown Core,12.981178557841213,77.59788461972006
Premium 2 BHK in Downtown Core,"₹ 7,073,625 /- Only",1421 Sq-Ft,2 BHK,Downtown Core,12.963055250416776,77.5851691864784
Premium 3 BHK in Silicon Suburbs,"₹ 6,108,226 /- Only",1717 Sq-Ft,3 BHK,Silicon Suburbs,12.934666933512865,77.62513619169918
Premium 2 BHK in Riverside Estates,"₹ 4,181,386 /- Only",1252 Sq-Ft,2 BHK,Riverside Estates,13.033177666948271,77.54311855401772
Premium 4 BHK in Greenwood Valley,"₹ 8,913,520 /- Only",2560 Sq-Ft,4 BHK,Greenwood Valley,12.976015989278872,77.74228312060134
Premium 2 BHK in Greenwood Valley,"₹ 4,104,968 /- Only",1191 Sq-Ft,2 BHK,Greenwood Valley,12.98514931248335,77.75226263313114
Premium 1 BHK in Riverside Estates,"₹ 1,911,700 /- Only",525 Sq-Ft,1 BHK,Riverside Estates,13.02429685026259,77.53109960012698
Premium 3 BHK in Silicon Suburbs,"₹ 6,064,041 /- Only",1720 Sq-Ft,3 BHK,Silicon Suburbs,12.930093149202616,77.62516459710383
Premium 1 BHK in Silicon Suburbs,"₹ 2,009,170 /- Only",604 Sq-Ft,1 BHK,Silicon Suburbs,12.918576033397674,77.62361807820784
Premium 3 BHK in Riverside Estates,"₹ 6,404,296 /- Only",1809 Sq-Ft,3 BHK,Riverside Estates,13.020136811457302,77.53312096005747
Premium 4 BHK in Greenwood Valley,"₹ 8,221,770 /- Only",2334 Sq-Ft,4 BHK,Greenwood Valley,12.97267949956572,77.74113458345047
Premium 2 BHK in Greenwood Valley,"₹ 4,318,943 /- Only",1232 Sq-Ft,2 BHK,Greenwood Valley,12.987274804893095,77.75400722659829
Premium 2 BHK in Riverside Estates,"₹ 4,810,063 /- Only",1413 Sq-Ft,2 BHK,Riverside Estates,13.020298010616777,77.53986936434345
Premium 4 BHK in Downtown Core,"₹ 12,054,192 /- Only",2316 Sq-Ft,4 BHK,Downtown Core,12.965608651500927,77.59583719003759
Premium 3 BHK in Downtown Core,"₹ 10,464,636 /- Only",2072 Sq-Ft,3 BHK,Downtown Core,12.961166959794385,77.59487934338354
Premium 3 BHK in Riverside Estates,"₹ 6,418,873 /- Only",1904 Sq-Ft,3 BHK,Riverside Estates,13.039939310944845,77.5303705640565
Premium 3 BHK in Riverside Estates,"₹ 6,453,768 /- Only",1825 Sq-Ft,3 BHK,Riverside Estates,13.016667862880157,77.53877225159049
Premium 1 BHK in Greenwood Valley,"₹ 2,462,390 /- Only",722 Sq-Ft,1 BHK,Greenwood Valley,12.970278566139427,77.73987558681725
Premium 1 BHK in Downtown Core,"₹ 3,752,366 /- Only",738 Sq-Ft,1 BHK,Downtown Core,12.961426640526064,77.59929458273184
Premium 4 BHK in Riverside Estates,"₹ 8,852,179 /- Only",2622 Sq-Ft,4 BHK,Riverside Estates,13.022335544895789,77.53463851994205
Premium 4 BHK in Riverside Estates,"₹ 7,849,021 /- Only",2226 Sq-Ft,4 BHK,Riverside Estates,13.038157206498232,77.54822113668631
Premium 3 BHK in Greenwood Valley,"₹ 7,324,694 /- Only",2217 Sq-Ft,3 BHK,Greenwood Valley,12.986387051206105,77.74803833491386
Premium 2 BHK in Greenwood Valley,"₹ 4,221,171 /- Only",1243 Sq-Ft,2 BHK,Greenwood Valley,12.969763582109518,77.74750098873409
Premium 3 BHK in Greenwood Valley,"₹ 6,932,034 /- Only",1994 Sq-Ft,3 BHK,Greenwood Valley,12.972372101756923,77.74176554380934
Premium 4 BHK in Silicon Suburbs,"₹ 7,801,403 /- Only",2208 Sq-Ft,4 BHK,Silicon Suburbs,12.92921339961001,77.62143886655913
Premium 1 BHK in Silicon Suburbs,"₹ 2,309,422 /- Only",715 Sq-Ft,1 BHK,Silicon Suburbs,12.927127130180956,77.61566028450444
Premium 1 BHK in Greenwood Valley,"₹ 1,986,190 /- Only",576 Sq-Ft,1 BHK,Greenwood Valley,12.980405790158748,77.75008106333726
Premium 2 BHK in Silicon Suburbs,"₹ 4,259,299 /- Only",1199 Sq-Ft,2 BHK,Silicon Suburbs,12.936114082401843,77.63271963565597
Premium 2 BHK in Greenwood Valley,"₹ 4,578,330 /- Only",1330 Sq-Ft,2 BHK,Greenwood Valley,12.990944711334588,77.7558090603263
Premium 3 BHK in Silicon Suburbs,"₹ 6,885,274 /- Only",2007 Sq-Ft,3 BHK,Silicon Suburbs,12.9331686710519,77.62410792400522
Premium 3 BHK in Greenwood Valley,"₹ 7,285,978 /- Only",2120 Sq-Ft,3 BHK,Greenwood Valley,12.98852942139307,77.73865133162913
Premium 2 BHK in Downtown Core,"₹ 6,349,328 /- Only",1203 Sq-Ft,2 BHK,Downtown Core,12.972229736866936,77.59862175286486
Premium 3 BHK in Downtown Core,"₹ 9,270,964 /- Only",1782 Sq-Ft,3 BHK,Downtown Core,12.982218351389792,77.60011495910388
Premium 4 BHK in Downtown Core,"₹ 14,934,128 /- Only",2937 Sq-Ft,4 BHK,Downtown Core,12.972943643827445,77.5928456880546
Premium 2 BHK in Silicon Suburbs,"₹ 4,112,643 /- Only",1226 Sq-Ft,2 BHK,Silicon Suburbs,12.91859905952029,77.6270563950012
Premium 3 BHK in Riverside Estates,"₹ 6,823,110 /- Only",2032 Sq-Ft,3 BHK,Riverside Estates,13.017026418139197,77.54547768996768
Premium 2 BHK in Downtown Core,"₹ 6,494,615 /- Only",1261 Sq-Ft,2 BHK,Downtown Core,12.981870806229233,77.58296052327832
Premium 4 BHK in Greenwood Valley,"₹ 8,594,517 /- Only",2484 Sq-Ft,4 BHK,Greenwood Valley,12.975930669358442,77.75565165036816
Premium 2 BHK in Downtown Core,"₹ 6,361,615 /- Only",1258 Sq-Ft,2 BHK,Downtown Core,12.973108458480121,77.60505566763763
Premium 4 BHK in Greenwood Valley,"₹ 9,422,344 /- Only",2745 Sq-Ft,4 BHK,Greenwood Valley,12.988424805098035,77.74098992447416
Premium 2 BHK in Riverside Estates,"₹ 4,278,349 /- Only",1266 Sq-Ft,2 BHK,Riverside Estates,13.021611399039267,77.53605899511716
Premium 2 BHK in Downtown Core,"₹ 6,158,791 /- Only",1203 Sq-Ft,2 BHK,Downtown Core,12.965022708200294,77.5884491757632
Premium 3 BHK in Silicon Suburbs,"₹ 6,759,943 /- Only",1937 Sq-Ft,3 BHK,Silicon Suburbs,12.933916543027925,77.63275278991017
Premium 4 BHK in Downtown Core,"₹ 11,809,297 /- Only",2285 Sq-Ft,4 BHK,Downtown Core,12.963711133258485,77.60506796616397
Premium 1 BHK in Riverside Estates,"₹ 1,831,911 /- Only",560 Sq-Ft,1 BHK,Riverside Estates,13.018464634212828,77.55316774718197
Premium 3 BHK in Silicon Suburbs,"₹ 6,728,876 /- Only",2004 Sq-Ft,3 BHK,Silicon Suburbs,12.92432230331406,77.62872221423834
Premium 4 BHK in Silicon Suburbs,"₹ 7,923,754 /- Only",2306 Sq-Ft,4 BHK,Silicon Suburbs,12.935225176190995,77.61814470189053
Premium 4 BHK in Greenwood Valley,"₹ 8,309,939 /- Only",2439 Sq-Ft,4 BHK,Greenwood Valley,12.975092251297573,77.759679365443
Premium 2 BHK in Greenwood Valley,"₹ 4,933,000 /- Only",1467 Sq-Ft,2 BHK,Greenwood Valley,12.985044209198945,77.7582824166261
Premium 4 BHK in Silicon Suburbs,"₹ 9,359,252 /- Only",2784 Sq-Ft,4 BHK,Silicon Suburbs,12.935931900578632,77.6340402508442
Premium 4 BHK in Greenwood Valley,"₹ 9,975,922 /- Only",2949 Sq-Ft,4 BHK,Greenwood Valley,12.973000873099279,77.75737367312841
Premium 2 BHK in Silicon Suburbs,"₹ 4,668,709 /- Only",1358 Sq-Ft,2 BHK,Silicon Suburbs,12.928608372028746,77.62207190378352
Premium 3 BHK in Greenwood Valley,"₹ 6,782,784 /- Only",2036 Sq-Ft,3 BHK,Greenwood Valley,12.989058266657665,77.74506748463992
Premium 3 BHK in Silicon Suburbs,"₹ 7,000,673 /- Only",2108 Sq-Ft,3 BHK,Silicon Suburbs,12.933445868411363,77.62341505707799
Premium 2 BHK in Riverside Estates,"₹ 4,583,667 /- Only",1329 Sq-Ft,2 BHK,Riverside Estates,13.020646975406764,77.53993987846333
Premium 2 BHK in Riverside Estates,"₹ 4,296,517 /- Only",1234 Sq-Ft,2 BHK,Riverside Estates,13.037038123763832,77.54564104557114
Premium 1 BHK in Riverside Estates,"₹ 2,329,822 /- Only",698 Sq-Ft,1 BHK,Riverside Estates,13.03980711085847,77.53579985256283
Premium 1 BHK in Greenwood Valley,"₹ 2,703,143 /- Only",774 Sq-Ft,1 BHK,Greenwood Valley,12.99084991127259,77.74272228938659
Premium 3 BHK in Silicon Suburbs,"₹ 7,258,990 /- Only",2119 Sq-Ft,3 BHK,Silicon Suburbs,12.939695376583082,77.63713638392913
Premium 4 BHK in Greenwood Valley,"₹ 9,209,788 /- Only",2723 Sq-Ft,4 BHK,Greenwood Valley,12.97253598608036,77.75432978354407
Premium 2 BHK in Greenwood Valley,"₹ 4,226,430 /- Only",1226 Sq-Ft,2 BHK,Greenwood Valley,12.969623064073064,77.73991849507811
Premium 3 BHK in Riverside Estates,"₹ 7,732,419 /- Only",2290 Sq-Ft,3 BHK,Riverside Estates,13.037038462971385,77.54094945326206
Premium 1 BHK in Downtown Core,"₹ 3,775,107 /- Only",774 Sq-Ft,1 BHK,Downtown Core,12.975904732915332,77.6003057282208
Premium 1 BHK in Riverside Estates,"₹ 2,223,045 /- Only",662 Sq-Ft,1 BHK,Riverside Estates,13.036236902221406,77.53498572293682
Premium 2 BHK in Downtown Core,"₹ 6,496,251 /- Only",1298 Sq-Ft,2 BHK,Downtown Core,12.982655621284101,77.58888671643801
Premium 4 BHK in Greenwood Valley,"₹ 8,973,521 /- Only",2652 Sq-Ft,4 BHK,Greenwood Valley,12.991266952489665,77.75001802809382
Premium 4 BHK in Silicon Suburbs,"₹ 7,822,671 /- Only",2247 Sq-Ft,4 BHK,Silicon Suburbs,12.92192090254078,77.6366823403072
Premium 2 BHK in Greenwood Valley,"₹ 4,502,917 /- Only",1300 Sq-Ft,2 BHK,Greenwood Valley,12.99094450011225,77.7434159502329
Premium 3 BHK in Downtown Core,"₹ 11,119,599 /- Only",2215 Sq-Ft,3 BHK,Downtown Core,12.963907053814188,77.59795688679206
Premium 4 BHK in Riverside Estates,"₹ 9,377,644 /- Only",2801 Sq-Ft,4 BHK,Riverside Estates,13.02284071535913,77.53738595419547
Premium 1 BHK in Downtown Core,"₹ 3,190,913 /- Only",639 Sq-Ft,1 BHK,Downtown Core,12.982748682773753,77.60030647211171
Premium 1 BHK in Greenwood Valley,"₹ 2,173,686 /- Only",616 Sq-Ft,1 BHK,Greenwood Valley,12.983506323084846,77.7478492613761
Premium 3 BHK in Riverside Estates,"₹ 6,803,091 /- Only",1966 Sq-Ft,3 BHK,Riverside Estates,13.03616630786244,77.53011690822007
Premium 4 BHK in Greenwood Valley,"₹ 10,077,937 /- Only",2996 Sq-Ft,4 BHK,Greenwood Valley,12.97906528737797,77.73928476136045
Premium 3 BHK in Silicon Suburbs,"₹ 6,766,146 /- Only",1935 Sq-Ft,3 BHK,Silicon Suburbs,12.927178585310479,77.63293326128056
Premium 2 BHK in Silicon Suburbs,"₹ 4,504,394 /- Only",1270 Sq-Ft,2 BHK,Silicon Suburbs,12.930955008202895,77.6291490740583
Premium 1 BHK in Downtown Core,"₹ 3,288,814 /- Only",626 Sq-Ft,1 BHK,Downtown Core,12.960740413727859,77.5969028012144
Premium 4 BHK in Silicon Suburbs,"₹ 8,250,775 /- Only",2420 Sq-Ft,4 BHK,Silicon Suburbs,12.920439714096457,77.62833153442357
Premium 2 BHK in Silicon Suburbs,"₹ 3,912,359 /- Only",1161 Sq-Ft,2 BHK,Silicon Suburbs,12.925494361395963,77.62712604584057
Premium 1 BHK in Riverside Estates,"₹ 2,210,199 /- Only",655 Sq-Ft,1 BHK,Riverside Estates,13.033692162249057,77.54366177928586
Premium 4 BHK in Greenwood Valley,"₹ 8,820,623 /- Only",2582 Sq-Ft,4 BHK,Greenwood Valley,12.990717767165597,77.74236341212223
Premium 3 BHK in Silicon Suburbs,"₹ 6,722,860 /- Only",1984 Sq-Ft,3 BHK,Silicon Suburbs,12.933931601276663,77.63661306863905
Premium 4 BHK in Riverside Estates,"₹ 9,185,858 /- Only",2686 Sq-Ft,4 BHK,Riverside Estates,13.028365218849498,77.53970281989545
Premium 1 BHK in Greenwood Valley,"₹ 2,303,374 /- Only",724 Sq-Ft,1 BHK,Greenwood Valley,12.969850059484354,77.74613711782412
Premium 2 BHK in Riverside Estates,"₹ 4,817,381 /- Only",1383 Sq-Ft,2 BHK,Riverside Estates,13.035338291602073,77.53907242921274
Premium 2 BHK in Greenwood Valley,"₹ 5,055,789 /- Only",1502 Sq-Ft,2 BHK,Greenwood Valley,12.976040841903163,77.73965369892294
Premium 4 BHK in Silicon Suburbs,"₹ 9,086,159 /- Only",2636 Sq-Ft,4 BHK,Silicon Suburbs,12.917847399930078,77.61801043753661
Premium 3 BHK in Downtown Core,"₹ 9,521,850 /- Only",1828 Sq-Ft,3 BHK,Downtown Core,12.979427295068138,77.60653412741812
Premium 3 BHK in Riverside Estates,"₹ 6,692,611 /- Only",2004 Sq-Ft,3 BHK,Riverside Estates,13.038881394670078,77.54983153044074
Premium 2 BHK in Silicon Suburbs,"₹ 4,970,145 /- Only",1504 Sq-Ft,2 BHK,Silicon Suburbs,12.935688679419997,77.62093031696708
Premium 2 BHK in Greenwood Valley,"₹ 3,903,649 /- Only",1142 Sq-Ft,2 BHK,Greenwood Valley,12.983030789820562,77.74882840698392
Premium 1 BHK in Silicon Suburbs,"₹ 2,410,297 /- Only",721 Sq-Ft,1 BHK,Silicon Suburbs,12.92598636271631,77.61706235447758
Premium 3 BHK in Silicon Suburbs,"₹ 6,291,688 /- Only",1823 Sq-Ft,3 BHK,Silicon Suburbs,12.920835473677574,77.62414399574273
Premium 1 BHK in Riverside Estates,"₹ 2,372,049 /- Only",712 Sq-Ft,1 BHK,Riverside Estates,13.030334010904165,77.551401163081
Premium 2 BHK in Silicon Suburbs,"₹ 4,329,037 /- Only",1258 Sq-Ft,2 BHK,Silicon Suburbs,12.916047151000493,77.63222453097302
Premium 3 BHK in Downtown Core,"₹ 9,293,421 /- Only",1825 Sq-Ft,3 BHK,Downtown Core,12.972995824152058,77.59328307308981
Premium 3 BHK in Downtown Core,"₹ 9,042,581 /- Only",1752 Sq-Ft,3 BHK,Downtown Core,12.9790919110541,77.5959535483672
Premium 1 BHK in Greenwood Valley,"₹ 2,226,425 /- Only",650 Sq-Ft,1 BHK,Greenwood Valley,12.979223525155088,77.75811071542161
Premium 1 BHK in Riverside Estates,"₹ 2,463,914 /- Only",781 Sq-Ft,1 BHK,Riverside Estates,13.023203336887981,77.53880646414503
Premium 4 BHK in Greenwood Valley,"₹ 9,017,252 /- Only",2699 Sq-Ft,4 BHK,Greenwood Valley,12.98472550042693,77.75708215977916
Premium 4 BHK in Greenwood Valley,"₹ 8,508,724 /- Only",2477 Sq-Ft,4 BHK,Greenwood Valley,12.9886755149427,77.75111663652052
Premium 4 BHK in Greenwood Valley,"₹ 10,166,239 /- Only",3027 Sq-Ft,4 BHK,Greenwood Valley,12.982044713148817,77.74548963965155
Premium 1 BHK in Greenwood Valley,"₹ 2,132,492 /- Only",585 Sq-Ft,1 BHK,Greenwood Valley,12.971473993309733,77.75947811914753
Premium 1 BHK in Downtown Core,"₹ 2,922,673 /- Only",537 Sq-Ft,1 BHK,Downtown Core,12.966688420295178,77.59015401764077
Premium 3 BHK in Downtown Core,"₹ 10,311,389 /- Only",2015 Sq-Ft,3 BHK,Downtown Core,12.980700352143906,77.60648692551193
Premium 1 BHK in Silicon Suburbs,"₹ 1,860,428 /- Only",553 Sq-Ft,1 BHK,Silicon Suburbs,12.916139332396494,77.61957114438962
Premium 1 BHK in Downtown Core,"₹ 3,566,902 /- Only",674 Sq-Ft,1 BHK,Downtown Core,12.966476610439456,77.58978403006195
Premium 1 BHK in Greenwood Valley,"₹ 2,111,024 /- Only",654 Sq-Ft,1 BHK,Greenwood Valley,12.981171198513126,77.73959960420999
Premium 1 BHK in Silicon Suburbs,"₹ 2,211,197 /- Only",611 Sq-Ft,1 BHK,Silicon Suburbs,12.927432629367399,77.63297106159551
Premium 4 BHK in Downtown Core,"₹ 14,391,863 /- Only",2829 Sq-Ft,4 BHK,Downtown Core,12.971944706536766,77.60037382873762
Premium 2 BHK in Greenwood Valley,"₹ 4,021,013 /- Only",1147 Sq-Ft,2 BHK,Greenwood Valley,12.975980105647187,77.75400477948195
Premium 3 BHK in Downtown Core,"₹ 10,921,588 /- Only",2128 Sq-Ft,3 BHK,Downtown Core,12.980003604762166,77.59960472503624
Premium 4 BHK in Silicon Suburbs,"₹ 7,655,430 /- Only",2178 Sq-Ft,4 BHK,Silicon Suburbs,12.92955659104709,77.62550777246909
Premium 4 BHK in Riverside Estates,"₹ 7,886,303 /- Only",2203 Sq-Ft,4 BHK,Riverside Estates,13.02908838522221,77.54883102782408
Premium 3 BHK in Downtown Core,"₹ 8,965,249 /- Only",1697 Sq-Ft,3 BHK,Downtown Core,12.961890258726337,77.58895378524745
Premium 4 BHK in Downtown Core,"₹ 13,316,999 /- Only",2584 Sq-Ft,4 BHK,Downtown Core,12.967709941814752,77.58613039110804
Premium 4 BHK in Silicon Suburbs,"₹ 8,517,533 /- Only",2478 Sq-Ft,4 BHK,Silicon Suburbs,12.9256288472102,77.62811525785254
Premium 4 BHK in Silicon Suburbs,"₹ 9,122,917 /- Only",2665 Sq-Ft,4 BHK,Silicon Suburbs,12.93410454773437,77.63801018758046
Premium 3 BHK in Greenwood Valley,"₹ 6,616,512 /- Only",1946 Sq-Ft,3 BHK,Greenwood Valley,12.9752394233923,77.76082372396384
Premium 1 BHK in Silicon Suburbs,"₹ 2,035,891 /- Only",607 Sq-Ft,1 BHK,Silicon Suburbs,12.93115696202667,77.6153270668684
Premium 3 BHK in Silicon Suburbs,"₹ 5,930,979 /- Only",1742 Sq-Ft,3 BHK,Silicon Suburbs,12.922583326147747,77.61829870056296
Premium 2 BHK in Downtown Core,"₹ 7,504,619 /- Only",1517 Sq-Ft,2 BHK,Downtown Core,12.961521964487197,77.58362336834503
Premium 3 BHK in Greenwood Valley,"₹ 6,373,178 /- Only",1850 Sq-Ft,3 BHK,Greenwood Valley,12.983507769670327,77.73850813454712
Premium 4 BHK in Greenwood Valley,"₹ 7,929,458 /- Only",2312 Sq-Ft,4 BHK,Greenwood Valley,12.969899489128341,77.75892150187632
Premium 3 BHK in Greenwood Valley,"₹ 6,102,170 /- Only",1744 Sq-Ft,3 BHK,Greenwood Valley,12.974721200433505,77.74572005249084
Premium 1 BHK in Silicon Suburbs,"₹ 2,234,859 /- Only",685 Sq-Ft,1 BHK,Silicon Suburbs,12.927195082451842,77.63011995524668
Premium 3 BHK in Silicon Suburbs,"₹ 5,863,488 /- Only",1673 Sq-Ft,3 BHK,Silicon Suburbs,12.92317564972851,77.6173359016101
Premium 2 BHK in Downtown Core,"₹ 7,199,765 /- Only",1442 Sq-Ft,2 BHK,Downtown Core,12.972447269422561,77.5947482692819
Premium 3 BHK in Silicon Suburbs,"₹ 6,560,293 /- Only",1928 Sq-Ft,3 BHK,Silicon Suburbs,12.939750847623282,77.63613226154956
Premium 2 BHK in Riverside Estates,"₹ 3,967,964 /- Only",1145 Sq-Ft,2 BHK,Riverside Estates,13.030137807552507,77.53000515255476
Premium 2 BHK in Downtown Core,"₹ 7,528,981 /- Only",1500 Sq-Ft,2 BHK,Downtown Core,12.980105042626993,77.6046015111163
Premium 1 BHK in Riverside Estates,"₹ 2,126,093 /- Only",585 Sq-Ft,1 BHK,Riverside Estates,13.039591768586178,77.5450715103264
Premium 4 BHK in Greenwood Valley,"₹ 7,972,090 /- Only",2227 Sq-Ft,4 BHK,Greenwood Valley,12.979113395124255,77.74327626393449
Premium 2 BHK in Silicon Suburbs,"₹ 4,233,951 /- Only",1228 Sq-Ft,2 BHK,Silicon Suburbs,12.927127406040555,77.63017442384951
Premium 1 BHK in Greenwood Valley,"₹ 1,989,539 /- Only",544 Sq-Ft,1 BHK,Greenwood Valley,12.971080869039248,77.7525945720265
Premium 2 BHK in Downtown Core,"₹ 5,913,379 /- Only",1119 Sq-Ft,2 BHK,Downtown Core,12.976874360347816,77.59293277606899
Premium 4 BHK in Riverside Estates,"₹ 9,409,992 /- Only",2839 Sq-Ft,4 BHK,Riverside Estates,13.04003534143395,77.54088640666232
Premium 3 BHK in Downtown Core,"₹ 10,732,593 /- Only",2142 Sq-Ft,3 BHK,Downtown Core,12.98025573909584,77.6047367672941
Premium 4 BHK in Greenwood Valley,"₹ 9,232,995 /- Only",2708 Sq-Ft,4 BHK,Greenwood Valley,12.983763824206289,77.7460422459306
Premium 2 BHK in Silicon Suburbs,"₹ 4,626,761 /- Only",1378 Sq-Ft,2 BHK,Silicon Suburbs,12.92495132025992,77.62281373612547
Premium 2 BHK in Downtown Core,"₹ 5,952,432 /- Only",1115 Sq-Ft,2 BHK,Downtown Core,12.963256222219426,77.60112242765582
Premium 2 BHK in Riverside Estates,"₹ 4,725,803 /- Only",1401 Sq-Ft,2 BHK,Riverside Estates,13.026364461884581,77.5318544012475
Premium 2 BHK in Greenwood Valley,"₹ 3,800,228 /- Only",1117 Sq-Ft,2 BHK,Greenwood Valley,12.982171388331912,77.76077775036406
Premium 1 BHK in Greenwood Valley,"₹ 2,193,750 /- Only",649 Sq-Ft,1 BHK,Greenwood Valley,12.974399612323202,77.74140384250488
Premium 2 BHK in Downtown Core,"₹ 7,254,961 /- Only",1437 Sq-Ft,2 BHK,Downtown Core,12.964026470493618,77.60310694229645
Premium 1 BHK in Riverside Estates,"₹ 2,219,663 /- Only",625 Sq-Ft,1 BHK,Riverside Estates,13.01935983579134,77.54556124841967
Premium 2 BHK in Riverside Estates,"₹ 3,917,001 /- Only",1146 Sq-Ft,2 BHK,Riverside Estates,13.035410381803771,77.5402462746728
Premium 1 BHK in Silicon Suburbs,"₹ 2,035,117 /- Only",583 Sq-Ft,1 BHK,Silicon Suburbs,12.939611227465852,77.61615718264069
Premium 3 BHK in Silicon Suburbs,"₹ 6,655,758 /- Only",1900 Sq-Ft,3 BHK,Silicon Suburbs,12.918093902741703,77.63275161021033
Premium 3 BHK in Greenwood Valley,"₹ 6,216,821 /- Only",1782 Sq-Ft,3 BHK,Greenwood Valley,12.986056090667606,77.73983079936863
Premium 2 BHK in Riverside Estates,"₹ 4,200,896 /- Only",1258 Sq-Ft,2 BHK,Riverside Estates,13.039495679260904,77.53039484388131
Premium 3 BHK in Downtown Core,"₹ 9,106,769 /- Only",1790 Sq-Ft,3 BHK,Downtown Core,12.962981766728625,77.6032765083861
Premium 1 BHK in Greenwood Valley,"₹ 2,024,082 /- Only",628 Sq-Ft,1 BHK,Greenwood Valley,12.977056647377792,77.73871323675814
Premium 1 BHK in Greenwood Valley,"₹ 2,419,435 /- Only",698 Sq-Ft,1 BHK,Greenwood Valley,12.988353210000867,77.75800331643855
Premium 1 BHK in Riverside Estates,"₹ 2,442,623 /- Only",734 Sq-Ft,1 BHK,Riverside Estates,13.032338898396828,77.5320412771625
Premium 2 BHK in Downtown Core,"₹ 6,930,038 /- Only",1379 Sq-Ft,2 BHK,Downtown Core,12.967834434176302,77.59310355162935
Premium 1 BHK in Greenwood Valley,"₹ 2,505,309 /- Only",773 Sq-Ft,1 BHK,Greenwood Valley,12.980289037581716,77.75738735090984
Premium 4 BHK in Riverside Estates,"₹ 9,885,584 /- Only",2933 Sq-Ft,4 BHK,Riverside Estates,13.029036661024211,77.53440708035083
Premium 4 BHK in Silicon Suburbs,"₹ 9,789,521 /- Only",2874 Sq-Ft,4 BHK,Silicon Suburbs,12.919673397476974,77.62662564412555
Premium 3 BHK in Silicon Suburbs,"₹ 7,286,438 /- Only",2171 Sq-Ft,3 BHK,Silicon Suburbs,12.934696099401775,77.6247887785716
Premium 1 BHK in Greenwood Valley,"₹ 2,451,232 /- Only",731 Sq-Ft,1 BHK,Greenwood Valley,12.986480280558288,77.75179139412131
Premium 1 BHK in Downtown Core,"₹ 3,139,046 /- Only",607 Sq-Ft,1 BHK,Downtown Core,12.97332347278185,77.59846815103096
Premium 3 BHK in Silicon Suburbs,"₹ 7,043,079 /- Only",2044 Sq-Ft,3 BHK,Silicon Suburbs,12.919366001167209,77.62955497402926
Premium 1 BHK in Greenwood Valley,"₹ 2,071,301 /- Only",604 Sq-Ft,1 BHK,Greenwood Valley,12.98628341678152,77.75103365689894
Premium 1 BHK in Downtown Core,"₹ 2,863,046 /- Only",572 Sq-Ft,1 BHK,Downtown Core,12.962150817190885,77.58761637141463
Premium 3 BHK in Riverside Estates,"₹ 6,836,722 /- Only",2023 Sq-Ft,3 BHK,Riverside Estates,13.034419564258073,77.53587103223931
Premium 1 BHK in Greenwood Valley,"₹ 2,563,609 /- Only",720 Sq-Ft,1 BHK,Greenwood Valley,12.985521648598846,77.74370003277902
Premium 3 BHK in Silicon Suburbs,"₹ 5,791,922 /- Only",1673 Sq-Ft,3 BHK,Silicon Suburbs,12.92781344634779,77.61908390044067
Premium 1 BHK in Silicon Suburbs,"₹ 2,419,346 /- Only",708 Sq-Ft,1 BHK,Silicon Suburbs,12.927058432028996,77.62299416441543
Premium 1 BHK in Greenwood Valley,"₹ 1,903,568 /- Only",552 Sq-Ft,1 BHK,Greenwood Valley,12.981034929938584,77.75601142755407
Premium 3 BHK in Silicon Suburbs,"₹ 6,554,887 /- Only",1955 Sq-Ft,3 BHK,Silicon Suburbs,12.916392388644482,77.61530506516559
Premium 2 BHK in Silicon Suburbs,"₹ 4,768,296 /- Only",1434 Sq-Ft,2 BHK,Silicon Suburbs,12.931139982315017,77.63131730891511
Premium 1 BHK in Downtown Core,"₹ 3,481,708 /- Only",694 Sq-Ft,1 BHK,Downtown Core,12.968740087560098,77.60615661648163
Premium 2 BHK in Silicon Suburbs,"₹ 4,174,297 /- Only",1171 Sq-Ft,2 BHK,Silicon Suburbs,12.930983098648152,77.63780278325933
Premium 1 BHK in Greenwood Valley,"₹ 2,229,147 /- Only",608 Sq-Ft,1 BHK,Greenwood Valley,12.974746688467063,77.74243264815051
Premium 4 BHK in Downtown Core,"₹ 14,680,102 /- Only",2903 Sq-Ft,4 BHK,Downtown Core,12.96879605878326,77.58285391095703
Premium 3 BHK in Downtown Core,"₹ 10,624,903 /- Only",2087 Sq-Ft,3 BHK,Downtown Core,12.983270810097396,77.59617903532794
Premium 1 BHK in Silicon Suburbs,"₹ 2,556,502 /- Only",743 Sq-Ft,1 BHK,Silicon Suburbs,12.917032233917851,77.6386737081266
Premium 2 BHK in Riverside Estates,"₹ 4,453,393 /- Only",1270 Sq-Ft,2 BHK,Riverside Estates,13.024208572355306,77.53994271177487
Premium 3 BHK in Riverside Estates,"₹ 6,946,770 /- Only",2090 Sq-Ft,3 BHK,Riverside Estates,13.025029905854046,77.53834787821724
Premium 1 BHK in Greenwood Valley,"₹ 2,442,266 /- Only",688 Sq-Ft,1 BHK,Greenwood Valley,12.991783346054705,77.75901136339392
Premium 2 BHK in Greenwood Valley,"₹ 4,980,650 /- Only",1457 Sq-Ft,2 BHK,Greenwood Valley,12.978868645827081,77.75203528516255
Premium 2 BHK in Silicon Suburbs,"₹ 4,523,363 /- Only",1293 Sq-Ft,2 BHK,Silicon Suburbs,12.91641222269034,77.63436935461556
Premium 4 BHK in Downtown Core,"₹ 13,151,413 /- Only",2600 Sq-Ft,4 BHK,Downtown Core,12.967260984260522,77.5885738525175
Premium 1 BHK in Silicon Suburbs,"₹ 2,072,704 /- Only",641 Sq-Ft,1 BHK,Silicon Suburbs,12.936447654850147,77.6331692592628
Premium 3 BHK in Greenwood Valley,"₹ 6,328,318 /- Only",1844 Sq-Ft,3 BHK,Greenwood Valley,12.97978572343945,77.74837102096477
Premium 2 BHK in Riverside Estates,"₹ 4,582,743 /- Only",1375 Sq-Ft,2 BHK,Riverside Estates,13.025295791163629,77.531133052917
Premium 3 BHK in Silicon Suburbs,"₹ 5,903,039 /- Only",1725 Sq-Ft,3 BHK,Silicon Suburbs,12.919469697353938,77.62636032474379
Premium 2 BHK in Riverside Estates,"₹ 4,798,679 /- Only",1387 Sq-Ft,2 BHK,Riverside Estates,13.036717077122324,77.55330437859145
Premium 4 BHK in Downtown Core,"₹ 13,373,314 /- Only",2648 Sq-Ft,4 BHK,Downtown Core,12.97443395257886,77.58584571744052
Premium 3 BHK in Greenwood Valley,"₹ 7,273,480 /- Only",2169 Sq-Ft,3 BHK,Greenwood Valley,12.980570547070103,77.75556294216788
Premium 4 BHK in Silicon Suburbs,"₹ 8,139,646 /- Only",2345 Sq-Ft,4 BHK,Silicon Suburbs,12.921514870470682,77.62062476776124
Premium 4 BHK in Greenwood Valley,"₹ 8,962,504 /- Only",2657 Sq-Ft,4 BHK,Greenwood Valley,12.972727399332179,77.75222478742629
Premium 2 BHK in Downtown Core,"₹ 6,077,937 /- Only",1201 Sq-Ft,2 BHK,Downtown Core,12.960418055578858,77.58896778495725
Premium 1 BHK in Silicon Suburbs,"₹ 2,458,073 /- Only",704 Sq-Ft,1 BHK,Silicon Suburbs,12.932593341682132,77.63414160701957
Premium 2 BHK in Silicon Suburbs,"₹ 3,887,215 /- Only",1147 Sq-Ft,2 BHK,Silicon Suburbs,12.919248728021138,77.63115266248118
Premium 3 BHK in Silicon Suburbs,"₹ 7,168,193 /- Only",2101 Sq-Ft,3 BHK,Silicon Suburbs,12.927214027814916,77.6355582761864
Premium 2 BHK in Greenwood Valley,"₹ 4,179,617 /- Only",1168 Sq-Ft,2 BHK,Greenwood Valley,12.977924582266889,77.74346313533789
Premium 3 BHK in Riverside Estates,"₹ 7,457,772 /- Only",2194 Sq-Ft,3 BHK,Riverside Estates,13.034594638917126,77.54666890606896
Premium 1 BHK in Riverside Estates,"₹ 2,180,461 /- Only",609 Sq-Ft,1 BHK,Riverside Estates,13.02609188873667,77.5456275910137
Premium 4 BHK in Greenwood Valley,"₹ 10,166,700 /- Only",3012 Sq-Ft,4 BHK,Greenwood Valley,12.989663881760913,77.75349916547773
Premium 3 BHK in Silicon Suburbs,"₹ 7,288,764 /- Only",2175 Sq-Ft,3 BHK,Silicon Suburbs,12.924574814119335,77.62021979410814
Premium 4 BHK in Riverside Estates,"₹ 9,528,219 /- Only",2791 Sq-Ft,4 BHK,Riverside Estates,13.020576862562569,77.5378834244878
Premium 3 BHK in Riverside Estates,"₹ 6,009,053 /- Only",1670 Sq-Ft,3 BHK,Riverside Estates,13.039154393689005,77.53622458579406
Premium 4 BHK in Greenwood Valley,"₹ 8,816,674 /- Only",2538 Sq-Ft,4 BHK,Greenwood Valley,12.981378586359632,77.74353632884946
Premium 4 BHK in Greenwood Valley,"₹ 8,840,054 /- Only",2542 Sq-Ft,4 BHK,Greenwood Valley,12.984233092320983,77.75524041723556
Premium 2 BHK in Riverside Estates,"₹ 4,351,408 /- Only",1317 Sq-Ft,2 BHK,Riverside Estates,13.033117302063305,77.53652248866787
Premium 2 BHK in Downtown Core,"₹ 5,965,615 /- Only",1158 Sq-Ft,2 BHK,Downtown Core,12.96349983140403,77.59127631956763
Premium 1 BHK in Silicon Suburbs,"₹ 2,392,174 /- Only",724 Sq-Ft,1 BHK,Silicon Suburbs,12.934255009003385,77.63095543932035
Premium 3 BHK in Silicon Suburbs,"₹ 5,889,727 /- Only",1680 Sq-Ft,3 BHK,Silicon Suburbs,12.928040403368396,77.6343266397798
Premium 4 BHK in Downtown Core,"₹ 13,886,271 /- Only",2763 Sq-Ft,4 BHK,Downtown Core,12.972968822136002,77.58947131487426
Premium 2 BHK in Riverside Estates,"₹ 4,524,792 /- Only",1288 Sq-Ft,2 BHK,Riverside Estates,13.018889282752676,77.5351015832345
Premium 2 BHK in Downtown Core,"₹ 6,006,562 /- Only",1136 Sq-Ft,2 BHK,Downtown Core,12.97575981849025,77.59503691984149
Premium 4 BHK in Downtown Core,"₹ 13,681,215 /- Only",2709 Sq-Ft,4 BHK,Downtown Core,12.968981059301695,77.60490184450188
Premium 4 BHK in Riverside Estates,"₹ 8,271,162 /- Only",2386 Sq-Ft,4 BHK,Riverside Estates,13.037948606251067,77.54160821816254
Premium 3 BHK in Greenwood Valley,"₹ 7,449,212 /- Only",2248 Sq-Ft,3 BHK,Greenwood Valley,12.983724056632928,77.76026324269914
Premium 2 BHK in Greenwood Valley,"₹ 4,162,082 /- Only",1196 Sq-Ft,2 BHK,Greenwood Valley,12.98016688130271,77.74606942138878
Premium 4 BHK in Downtown Core,"₹ 11,578,761 /- Only",2246 Sq-Ft,4 BHK,Downtown Core,12.960325644998306,77.59677144701614
Premium 4 BHK in Greenwood Valley,"₹ 7,942,701 /- Only",2278 Sq-Ft,4 BHK,Greenwood Valley,12.97120784904265,77.76065092769983
Premium 1 BHK in Downtown Core,"₹ 3,093,490 /- Only",615 Sq-Ft,1 BHK,Downtown Core,12.972262192722543,77.59917593175909
Premium 3 BHK in Silicon Suburbs,"₹ 5,761,663 /- Only",1651 Sq-Ft,3 BHK,Silicon Suburbs,12.918868940874601,77.63318419544653
Premium 3 BHK in Silicon Suburbs,"₹ 5,908,029 /- Only",1693 Sq-Ft,3 BHK,Silicon Suburbs,12.918753827841652,77.6151515092874
Premium 3 BHK in Riverside Estates,"₹ 6,752,410 /- Only",1983 Sq-Ft,3 BHK,Riverside Estates,13.019142325057501,77.53902054334225
Premium 4 BHK in Riverside Estates,"₹ 9,858,398 /- Only",2941 Sq-Ft,4 BHK,Riverside Estates,13.031248308353025,77.53090738904488
Premium 3 BHK in Greenwood Valley,"₹ 6,771,208 /- Only",1949 Sq-Ft,3 BHK,Greenwood Valley,12.990284780575573,77.74468283074654
Premium 2 BHK in Riverside Estates,"₹ 4,560,312 /- Only",1295 Sq-Ft,2 BHK,Riverside Estates,13.031908868119212,77.5314526487028
Premium 2 BHK in Silicon Suburbs,"₹ 4,511,916 /- Only",1367 Sq-Ft,2 BHK,Silicon Suburbs,12.92194415960186,77.62707734185557
Premium 2 BHK in Downtown Core,"₹ 7,303,708 /- Only",1418 Sq-Ft,2 BHK,Downtown Core,12.961818774389352,77.58661389101601
Premium 1 BHK in Silicon Suburbs,"₹ 2,087,765 /- Only",609 Sq-Ft,1 BHK,Silicon Suburbs,12.921120217194606,77.63391805032008
Premium 1 BHK in Silicon Suburbs,"₹ 2,272,572 /- Only",707 Sq-Ft,1 BHK,Silicon Suburbs,12.939293156128382,77.6367877586986
Premium 1 BHK in Silicon Suburbs,"₹ 2,307,778 /- Only",675 Sq-Ft,1 BHK,Silicon Suburbs,12.929097898857778,77.61607319361707
Premium 2 BHK in Silicon Suburbs,"₹ 4,579,688 /- Only",1318 Sq-Ft,2 BHK,Silicon Suburbs,12.92199041532093,77.63502317350908
Premium 2 BHK in Riverside Estates,"₹ 4,822,528 /- Only",1479 Sq-Ft,2 BHK,Riverside Estates,13.036552968460008,77.54881270094177
Premium 1 BHK in Downtown Core,"₹ 3,478,925 /- Only",679 Sq-Ft,1 BHK,Downtown Core,12.960727732142546,77.6039584411558
Premium 4 BHK in Greenwood Valley,"₹ 8,219,173 /- Only",2353 Sq-Ft,4 BHK,Greenwood Valley,12.982678425304519,77.7425115351613
Premium 2 BHK in Riverside Estates,"₹ 3,778,133 /- Only",1056 Sq-Ft,2 BHK,Riverside Estates,13.037584326661204,77.5471035678962
Premium 4 BHK in Riverside Estates,"₹ 8,684,718 /- Only",2529 Sq-Ft,4 BHK,Riverside Estates,13.03578692545087,77.53429024854847
Premium 3 BHK in Downtown Core,"₹ 10,219,012 /- Only",1985 Sq-Ft,3 BHK,Downtown Core,12.981741821531612,77.60402331856501
Premium 2 BHK in Silicon Suburbs,"₹ 4,797,742 /- Only",1473 Sq-Ft,2 BHK,Silicon Suburbs,12.919569260303316,77.62612082384356
Premium 2 BHK in Downtown Core,"₹ 5,961,709 /- Only",1132 Sq-Ft,2 BHK,Downtown Core,12.972098865274024,77.58818794725303
Premium 1 BHK in Riverside Estates,"₹ 2,544,644 /- Only",742 Sq-Ft,1 BHK,Riverside Estates,13.0353828555468,77.54430210875992
Premium 1 BHK in Silicon Suburbs,"₹ 2,355,480 /- Only",696 Sq-Ft,1 BHK,Silicon Suburbs,12.920243833356611,77.62146773682674
Premium 1 BHK in Riverside Estates,"₹ 2,482,069 /- Only",774 Sq-Ft,1 BHK,Riverside Estates,13.028575054894516,77.54654831085941
Premium 1 BHK in Riverside Estates,"₹ 2,277,864 /- Only",685 Sq-Ft,1 BHK,Riverside Estates,13.01872492858088,77.54266505779349
Premium 1 BHK in Riverside Estates,"₹ 2,174,924 /- Only",670 Sq-Ft,1 BHK,Riverside Estates,13.031666486073883,77.53367530558795
Premium 1 BHK in Silicon Suburbs,"₹ 2,238,191 /- Only",680 Sq-Ft,1 BHK,Silicon Suburbs,12.91707729276928,77.63673227591532
Premium 4 BHK in Greenwood Valley,"₹ 9,276,008 /- Only",2756 Sq-Ft,4 BHK,Greenwood Valley,12.982877245392974,77.74933108821801
Premium 4 BHK in Greenwood Valley,"₹ 9,287,394 /- Only",2727 Sq-Ft,4 BHK,Greenwood Valley,12.977728532671689,77.75480171844679
Premium 2 BHK in Greenwood Valley,"₹ 4,864,812 /- Only",1503 Sq-Ft,2 BHK,Greenwood Valley,12.973073583152164,77.7520141882208
Premium 1 BHK in Riverside Estates,"₹ 2,267,645 /- Only",684 Sq-Ft,1 BHK,Riverside Estates,13.02264626912607,77.53355947428395
Premium 4 BHK in Downtown Core,"₹ 13,875,257 /- Only",2715 Sq-Ft,4 BHK,Downtown Core,12.960885687678221,77.58884386889508
Premium 4 BHK in Downtown Core,"₹ 14,884,975 /- Only",2933 Sq-Ft,4 BHK,Downtown Core,12.982455185444023,77.5970570283981
Premium 3 BHK in Silicon Suburbs,"₹ 6,323,557 /- Only",1815 Sq-Ft,3 BHK,Silicon Suburbs,12.91836078975255,77.62984180569165
Premium 2 BHK in Downtown Core,"₹ 5,805,477 /- Only",1110 Sq-Ft,2 BHK,Downtown Core,12.960617981749625,77.59625370466063
Premium 1 BHK in Riverside Estates,"₹ 1,934,578 /- Only",595 Sq-Ft,1 BHK,Riverside Estates,13.039106378245537,77.55266308848496
Premium 4 BHK in Riverside Estates,"₹ 8,780,851 /- Only",2558 Sq-Ft,4 BHK,Riverside Estates,13.017161678089419,77.54402244182442
Premium 3 BHK in Riverside Estates,"₹ 6,984,013 /- Only",2109 Sq-Ft,3 BHK,Riverside Estates,13.020807628938321,77.53784473082042
Premium 1 BHK in Silicon Suburbs,"₹ 2,558,575 /- Only",732 Sq-Ft,1 BHK,Silicon Suburbs,12.934752079776922,77.63082265258126
Premium 3 BHK in Greenwood Valley,"₹ 7,342,452 /- Only",2202 Sq-Ft,3 BHK,Greenwood Valley,12.990127316979393,77.74677276978343
Premium 4 BHK in Riverside Estates,"₹ 8,388,182 /- Only",2461 Sq-Ft,4 BHK,Riverside Estates,13.0202133900096,77.54659877444932
Premium 1 BHK in Silicon Suburbs,"₹ 1,867,181 /- Only",542 Sq-Ft,1 BHK,Silicon Suburbs,12.930874572344011,77.62765757573086
Premium 3 BHK in Riverside Estates,"₹ 6,977,401 /- Only",2089 Sq-Ft,3 BHK,Riverside Estates,13.017330866178492,77.53684408086768
Premium 2 BHK in Silicon Suburbs,"₹ 4,808,332 /- Only",1388 Sq-Ft,2 BHK,Silicon Suburbs,12.92133912720801,77.63230227331749
Premium 4 BHK in Riverside Estates,"₹ 7,887,254 /- Only",2254 Sq-Ft,4 BHK,Riverside Estates,13.027153991051343,77.55201667505887
Premium 1 BHK in Downtown Core,"₹ 3,391,565 /- Only",638 Sq-Ft,1 BHK,Downtown Core,12.972948877506953,77.59055981126797
Premium 4 BHK in Riverside Estates,"₹ 9,191,249 /- Only",2675 Sq-Ft,4 BHK,Riverside Estates,13.027468370855836,77.5362879427538
Premium 3 BHK in Riverside Estates,"₹ 6,117,636 /- Only",1794 Sq-Ft,3 BHK,Riverside Estates,13.030112737232185,77.53631102614166
Premium 2 BHK in Riverside Estates,"₹ 4,678,069 /- Only",1400 Sq-Ft,2 BHK,Riverside Estates,13.018141658922861,77.54994427276418
Premium 4 BHK in Downtown Core,"₹ 15,101,386 /- Only",2987 Sq-Ft,4 BHK,Downtown Core,12.965449240048647,77.60304734945801
Premium 3 BHK in Silicon Suburbs,"₹ 6,838,411 /- Only",1993 Sq-Ft,3 BHK,Silicon Suburbs,12.91821286567387,77.6356656092764
Premium 2 BHK in Silicon Suburbs,"₹ 4,340,807 /- Only",1296 Sq-Ft,2 BHK,Silicon Suburbs,12.93232706511286,77.63789752637527
Premium 1 BHK in Silicon Suburbs,"₹ 2,289,581 /- Only",645 Sq-Ft,1 BHK,Silicon Suburbs,12.937119191449776,77.62297334053957
Premium 4 BHK in Greenwood Valley,"₹ 8,997,293 /- Only",2653 Sq-Ft,4 BHK,Greenwood Valley,12.972410581291802,77.75916215363775
Premium 4 BHK in Silicon Suburbs,"₹ 7,970,101 /- Only",2323 Sq-Ft,4 BHK,Silicon Suburbs,12.928745708942476,77.6365889633189
Premium 1 BHK in Silicon Suburbs,"₹ 2,317,212 /- Only",641 Sq-Ft,1 BHK,Silicon Suburbs,12.933445301277777,77.62717550478811
Premium 4 BHK in Downtown Core,"₹ 14,632,887 /- Only",2915 Sq-Ft,4 BHK,Downtown Core,12.979358483424305,77.60607795012402
Premium 2 BHK in Riverside Estates,"₹ 4,105,712 /- Only",1202 Sq-Ft,2 BHK,Riverside Estates,13.033079073176669,77.54135312580917
Premium 2 BHK in Riverside Estates,"₹ 4,639,855 /- Only",1416 Sq-Ft,2 BHK,Riverside Estates,13.027147874398818,77.5376589991578
Premium 2 BHK in Riverside Estates,"₹ 4,071,004 /- Only",1173 Sq-Ft,2 BHK,Riverside Estates,13.017054722248316,77.53002563100084
Premium 4 BHK in Greenwood Valley,"₹ 8,523,235 /- Only",2430 Sq-Ft,4 BHK,Greenwood Valley,12.974997092934204,77.74177083102111
Premium 3 BHK in Silicon Suburbs,"₹ 6,928,333 /- Only",2063 Sq-Ft,3 BHK,Silicon Suburbs,12.936468617813087,77.62906080800875
Premium 1 BHK in Silicon Suburbs,"₹ 1,914,453 /- Only",572 Sq-Ft,1 BHK,Silicon Suburbs,12.924211262441565,77.63307153132665
Premium 4 BHK in Greenwood Valley,"₹ 9,206,426 /- Only",2706 Sq-Ft,4 BHK,Greenwood Valley,12.9928571184797,77.76184994879357
Premium 4 BHK in Downtown Core,"₹ 11,964,549 /- Only",2296 Sq-Ft,4 BHK,Downtown Core,12.978853555687495,77.59748709662294
Premium 3 BHK in Riverside Estates,"₹ 7,474,525 /- Only",2271 Sq-Ft,3 BHK,Riverside Estates,13.030515673661046,77.54822488488854
Premium 2 BHK in Silicon Suburbs,"₹ 4,361,916 /- Only",1271 Sq-Ft,2 BHK,Silicon Suburbs,12.930785339769379,77.62594462972062
Premium 1 BHK in Silicon Suburbs,"₹ 2,401,513 /- Only",707 Sq-Ft,1 BHK,Silicon Suburbs,12.925469078797974,77.6169895566766
Premium 2 BHK in Riverside Estates,"₹ 4,218,311 /- Only",1255 Sq-Ft,2 BHK,Riverside Estates,13.021498795381483,77.54573402602124
Premium 1 BHK in Silicon Suburbs,"₹ 1,906,087 /- Only",555 Sq-Ft,1 BHK,Silicon Suburbs,12.921727679757357,77.63848031786678
Premium 2 BHK in Downtown Core,"₹ 6,130,547 /- Only",1180 Sq-Ft,2 BHK,Downtown Core,12.976232377150092,77.59070387777594
Premium 1 BHK in Downtown Core,"₹ 3,576,827 /- Only",714 Sq-Ft,1 BHK,Downtown Core,12.965478063340404,77.59448043165634
Premium 3 BHK in Riverside Estates,"₹ 5,975,438 /- Only",1692 Sq-Ft,3 BHK,Riverside Estates,13.024988381238268,77.5399189765092
Premium 3 BHK in Downtown Core,"₹ 10,852,125 /- Only",2123 Sq-Ft,3 BHK,Downtown Core,12.966713101587201,77.60202602071467
Premium 2 BHK in Downtown Core,"₹ 6,829,436 /- Only",1348 Sq-Ft,2 BHK,Downtown Core,12.967803011714446,77.59218062730059
Premium 1 BHK in Greenwood Valley,"₹ 2,364,240 /- Only",734 Sq-Ft,1 BHK,Greenwood Valley,12.982041894434666,77.7577822500045
Premium 2 BHK in Downtown Core,"₹ 6,650,663 /- Only",1291 Sq-Ft,2 BHK,Downtown Core,12.966421363106276,77.60066666668251
Premium 1 BHK in Downtown Core,"₹ 3,205,892 /- Only",610 Sq-Ft,1 BHK,Downtown Core,12.979673254819001,77.60147480226823
Premium 3 BHK in Greenwood Valley,"₹ 6,278,055 /- Only",1775 Sq-Ft,3 BHK,Greenwood Valley,12.988895524237394,77.75524980152795
Premium 4 BHK in Downtown Core,"₹ 13,336,175 /- Only",2631 Sq-Ft,4 BHK,Downtown Core,12.971523293500232,77.60231469853913
Premium 1 BHK in Downtown Core,"₹ 3,558,118 /- Only",722 Sq-Ft,1 BHK,Downtown Core,12.970868811324959,77.58313181617144
Premium 1 BHK in Downtown Core,"₹ 3,630,203 /- Only",714 Sq-Ft,1 BHK,Downtown Core,12.970809251353495,77.59891881707156
Premium 3 BHK in Riverside Estates,"₹ 5,888,671 /- Only",1706 Sq-Ft,3 BHK,Riverside Estates,13.039473226877778,77.54238872589566
Premium 1 BHK in Greenwood Valley,"₹ 2,089,797 /- Only",614 Sq-Ft,1 BHK,Greenwood Valley,12.974281299438204,77.75810631150075
Premium 3 BHK in Riverside Estates,"₹ 6,138,702 /- Only",1777 Sq-Ft,3 BHK,Riverside Estates,13.01819922180298,77.54398772510544
Premium 2 BHK in Downtown Core,"₹ 6,694,785 /- Only",1330 Sq-Ft,2 BHK,Downtown Core,12.9729919900159,77.59347347483487
Premium 3 BHK in Silicon Suburbs,"₹ 7,205,523 /- Only",2197 Sq-Ft,3 BHK,Silicon Suburbs,12.926646388247324,77.63083285019786
Premium 3 BHK in Silicon Suburbs,"₹ 7,385,988 /- Only",2171 Sq-Ft,3 BHK,Silicon Suburbs,12.933503993878555,77.61750138371914
Premium 4 BHK in Silicon Suburbs,"₹ 9,892,789 /- Only",2914 Sq-Ft,4 BHK,Silicon Suburbs,12.928965844396187,77.61657037373773
Premium 2 BHK in Downtown Core,"₹ 6,560,114 /- Only",1269 Sq-Ft,2 BHK,Downtown Core,12.96502536482591,77.59821595699222
Premium 4 BHK in Greenwood Valley,"₹ 8,032,799 /- Only",2260 Sq-Ft,4 BHK,Greenwood Valley,12.982138102602443,77.75505394583534
Premium 4 BHK in Greenwood Valley,"₹ 10,019,868 /- Only",2985 Sq-Ft,4 BHK,Greenwood Valley,12.983895140617124,77.7389362233025
Premium 4 BHK in Downtown Core,"₹ 14,575,084 /- Only",2881 Sq-Ft,4 BHK,Downtown Core,12.974169593566574,77.59947605015688
Premium 4 BHK in Greenwood Valley,"₹ 9,780,553 /- Only",2919 Sq-Ft,4 BHK,Greenwood Valley,12.989217427415014,77.75249892282906
Premium 4 BHK in Downtown Core,"₹ 12,155,563 /- Only",2368 Sq-Ft,4 BHK,Downtown Core,12.97420910852719,77.60144768338247
Premium 1 BHK in Downtown Core,"₹ 3,361,485 /- Only",634 Sq-Ft,1 BHK,Downtown Core,12.96725761021082,77.58594544351389
Premium 1 BHK in Downtown Core,"₹ 3,166,677 /- Only",613 Sq-Ft,1 BHK,Downtown Core,12.9704444635143,77.60473772783739
Premium 2 BHK in Downtown Core,"₹ 7,059,395 /- Only",1421 Sq-Ft,2 BHK,Downtown Core,12.969474356538438,77.60507638278095
Premium 3 BHK in Riverside Estates,"₹ 6,425,724 /- Only",1896 Sq-Ft,3 BHK,Riverside Estates,13.036074334348122,77.53783455400853
Premium 1 BHK in Riverside Estates,"₹ 2,269,371 /- Only",628 Sq-Ft,1 BHK,Riverside Estates,13.022536189636986,77.53560274363147
Premium 4 BHK in Greenwood Valley,"₹ 9,844,327 /- Only",2942 Sq-Ft,4 BHK,Greenwood Valley,12.981698165090572,77.75891585778166
Premium 4 BHK in Downtown Core,"₹ 13,161,274 /- Only",2593 Sq-Ft,4 BHK,Downtown Core,12.965655616041706,77.59048779055458
Premium 1 BHK in Silicon Suburbs,"₹ 2,488,899 /- Only",701 Sq-Ft,1 BHK,Silicon Suburbs,12.927385787570454,77.61764286878396
Premium 3 BHK in Riverside Estates,"₹ 6,165,613 /- Only",1750 Sq-Ft,3 BHK,Riverside Estates,13.033775748416234,77.5377176167585
Premium 4 BHK in Silicon Suburbs,"₹ 8,453,641 /- Only",2437 Sq-Ft,4 BHK,Silicon Suburbs,12.9254615218942,77.62639909359098
Premium 1 BHK in Downtown Core,"₹ 2,954,243 /- Only",549 Sq-Ft,1 BHK,Downtown Core,12.960473414117374,77.58750970637817
Premium 2 BHK in Silicon Suburbs,"₹ 4,019,845 /- Only",1103 Sq-Ft,2 BHK,Silicon Suburbs,12.938221104589035,77.62687858548676
Premium 3 BHK in Downtown Core,"₹ 9,957,606 /- Only",1936 Sq-Ft,3 BHK,Downtown Core,12.976851518122759,77.59711512562582
Premium 2 BHK in Downtown Core,"₹ 7,253,035 /- Only",1405 Sq-Ft,2 BHK,Downtown Core,12.980150923673872,77.5992398911062
Premium 1 BHK in Greenwood Valley,"₹ 2,494,163 /- Only",759 Sq-Ft,1 BHK,Greenwood Valley,12.986373970920821,77.7432512530326
Premium 1 BHK in Greenwood Valley,"₹ 2,403,934 /- Only",715 Sq-Ft,1 BHK,Greenwood Valley,12.990236264902343,77.74872721614072
Premium 2 BHK in Silicon Suburbs,"₹ 4,423,504 /- Only",1304 Sq-Ft,2 BHK,Silicon Suburbs,12.933503616364106,77.62601063086532
Premium 3 BHK in Downtown Core,"₹ 8,926,426 /- Only",1696 Sq-Ft,3 BHK,Downtown Core,12.97623000003152,77.58557558208425
Premium 1 BHK in Riverside Estates,"₹ 2,279,363 /- Only",675 Sq-Ft,1 BHK,Riverside Estates,13.028664371440177,77.53401555559921
Premium 4 BHK in Riverside Estates,"₹ 8,853,889 /- Only",2584 Sq-Ft,4 BHK,Riverside Estates,13.034778916017059,77.53660436051933
Premium 2 BHK in Downtown Core,"₹ 6,848,839 /- Only",1368 Sq-Ft,2 BHK,Downtown Core,12.98029670201967,77.60350001522826
Premium 3 BHK in Riverside Estates,"₹ 5,858,641 /- Only",1645 Sq-Ft,3 BHK,Riverside Estates,13.02718248726618,77.54494616386805
Premium 4 BHK in Greenwood Valley,"₹ 8,106,343 /- Only",2305 Sq-Ft,4 BHK,Greenwood Valley,12.97467953127332,77.74175062469342
Premium 4 BHK in Silicon Suburbs,"₹ 8,438,073 /- Only",2484 Sq-Ft,4 BHK,Silicon Suburbs,12.916796584666338,77.63750465673635
Premium 2 BHK in Greenwood Valley,"₹ 4,696,355 /- Only",1427 Sq-Ft,2 BHK,Greenwood Valley,12.978181010865777,77.74125830962647
Premium 2 BHK in Riverside Estates,"₹ 4,973,641 /- Only",1442 Sq-Ft,2 BHK,Riverside Estates,13.030870443713974,77.53649032219437
Premium 4 BHK in Riverside Estates,"₹ 8,668,484 /- Only",2568 Sq-Ft,4 BHK,Riverside Estates,13.025550047427085,77.53913134972171
Premium 3 BHK in Greenwood Valley,"₹ 6,981,185 /- Only",2072 Sq-Ft,3 BHK,Greenwood Valley,12.974391526337294,77.74963326831212
Premium 4 BHK in Riverside Estates,"₹ 9,646,079 /- Only",2862 Sq-Ft,4 BHK,Riverside Estates,13.03196139294933,77.54906121433122
Premium 1 BHK in Silicon Suburbs,"₹ 2,293,213 /- Only",707 Sq-Ft,1 BHK,Silicon Suburbs,12.931975435116348,77.63746811032891
Premium 2 BHK in Silicon Suburbs,"₹ 3,897,353 /- Only",1154 Sq-Ft,2 BHK,Silicon Suburbs,12.916618600996255,77.63225603483951
Premium 3 BHK in Riverside Estates,"₹ 6,723,487 /- Only",2020 Sq-Ft,3 BHK,Riverside Estates,13.019998467940999,77.53548301277574
Premium 4 BHK in Riverside Estates,"₹ 9,543,483 /- Only",2820 Sq-Ft,4 BHK,Riverside Estates,13.01675929303393,77.53380903959685
Premium 1 BHK in Silicon Suburbs,"₹ 2,518,958 /- Only",706 Sq-Ft,1 BHK,Silicon Suburbs,12.915948227113185,77.62816294662795
Premium 1 BHK in Riverside Estates,"₹ 2,223,839 /- Only",646 Sq-Ft,1 BHK,Riverside Estates,13.023752159874173,77.54119346733157
Premium 2 BHK in Greenwood Valley,"₹ 4,551,511 /- Only",1299 Sq-Ft,2 BHK,Greenwood Valley,12.985283182435284,77.74762421539792
Premium 2 BHK in Silicon Suburbs,"₹ 4,491,452 /- Only",1333 Sq-Ft,2 BHK,Silicon Suburbs,12.92259968525761,77.61813983519946
Premium 2 BHK in Greenwood Valley,"₹ 4,177,467 /- Only",1188 Sq-Ft,2 BHK,Greenwood Valley,12.980014525538772,77.74809650617254
Premium 1 BHK in Riverside Estates,"₹ 2,702,236 /- Only",791 Sq-Ft,1 BHK,Riverside Estates,13.028525472852213,77.54436567124618
Premium 2 BHK in Greenwood Valley,"₹ 4,988,954 /- Only",1451 Sq-Ft,2 BHK,Greenwood Valley,12.98608387305356,77.7504687868567
Premium 2 BHK in Silicon Suburbs,"₹ 4,163,042 /- Only",1200 Sq-Ft,2 BHK,Silicon Suburbs,12.924682619807935,77.62122917204722
Premium 1 BHK in Downtown Core,"₹ 3,411,807 /- Only",678 Sq-Ft,1 BHK,Downtown Core,12.965660646184,77.60486844964448
Premium 4 BHK in Silicon Suburbs,"₹ 8,337,411 /- Only",2438 Sq-Ft,4 BHK,Silicon Suburbs,12.928665905557027,77.63244583008581
Premium 1 BHK in Silicon Suburbs,"₹ 2,033,352 /- Only",600 Sq-Ft,1 BHK,Silicon Suburbs,12.927071798596373,77.62261789949042
Premium 1 BHK in Riverside Estates,"₹ 2,580,014 /- Only",734 Sq-Ft,1 BHK,Riverside Estates,13.0246562615846,77.54377929430791
Premium 1 BHK in Greenwood Valley,"₹ 2,004,756 /- Only",581 Sq-Ft,1 BHK,Greenwood Valley,12.981406891071755,77.75072381081759
Premium 1 BHK in Silicon Suburbs,"₹ 2,632,361 /- Only",771 Sq-Ft,1 BHK,Silicon Suburbs,12.931885953191838,77.63283614671401
Premium 1 BHK in Downtown Core,"₹ 3,221,229 /- Only",651 Sq-Ft,1 BHK,Downtown Core,12.982559790411514,77.5898093840441
Premium 3 BHK in Greenwood Valley,"₹ 6,551,794 /- Only",1925 Sq-Ft,3 BHK,Greenwood Valley,12.990437448188686,77.75558651030497
Premium 4 BHK in Greenwood Valley,"₹ 9,868,644 /- Only",2942 Sq-Ft,4 BHK,Greenwood Valley,12.97805255144558,77.74835174250981
Premium 1 BHK in Silicon Suburbs,"₹ 2,086,875 /- Only",578 Sq-Ft,1 BHK,Silicon Suburbs,12.929135615840405,77.62182402318427
Premium 1 BHK in Riverside Estates,"₹ 1,841,493 /- Only",518 Sq-Ft,1 BHK,Riverside Estates,13.019112935195846,77.54255210199808
Premium 3 BHK in Riverside Estates,"₹ 7,361,095 /- Only",2148 Sq-Ft,3 BHK,Riverside Estates,13.03424807718387,77.53488402836827
Premium 2 BHK in Greenwood Valley,"₹ 4,608,680 /- Only",1407 Sq-Ft,2 BHK,Greenwood Valley,12.985142253923728,77.74578321149073
Premium 4 BHK in Silicon Suburbs,"₹ 9,879,352 /- Only",2905 Sq-Ft,4 BHK,Silicon Suburbs,12.919972272386948,77.62522668315961
Premium 4 BHK in Greenwood Valley,"₹ 9,281,482 /- Only",2786 Sq-Ft,4 BHK,Greenwood Valley,12.989536541545492,77.75740268938155
Premium 2 BHK in Silicon Suburbs,"₹ 4,406,931 /- Only",1340 Sq-Ft,2 BHK,Silicon Suburbs,12.925772111461361,77.62420870036281
Premium 3 BHK in Downtown Core,"₹ 9,781,821 /- Only",1890 Sq-Ft,3 BHK,Downtown Core,12.97267540455209,77.58515731350919
Premium 4 BHK in Downtown Core,"₹ 12,284,923 /- Only",2383 Sq-Ft,4 BHK,Downtown Core,12.973360262320316,77.5974812032664
Premium 1 BHK in Riverside Estates,"₹ 2,273,937 /- Only",690 Sq-Ft,1 BHK,Riverside Estates,13.032098171279436,77.53569089309003
Premium 3 BHK in Riverside Estates,"₹ 6,136,752 /- Only",1796 Sq-Ft,3 BHK,Riverside Estates,13.02331827160105,77.54990506914599
Premium 3 BHK in Riverside Estates,"₹ 7,453,406 /- Only",2195 Sq-Ft,3 BHK,Riverside Estates,13.019037049323542,77.53549220020068
Premium 1 BHK in Riverside Estates,"₹ 2,559,336 /- Only",762 Sq-Ft,1 BHK,Riverside Estates,13.020640011837338,77.53981708925268
Premium 4 BHK in Silicon Suburbs,"₹ 9,323,548 /- Only",2796 Sq-Ft,4 BHK,Silicon Suburbs,12.916283688941412,77.62630755415273
Premium 2 BHK in Downtown Core,"₹ 7,226,640 /- Only",1439 Sq-Ft,2 BHK,Downtown Core,12.964126856022535,77.5841066897003
Premium 4 BHK in Silicon Suburbs,"₹ 9,835,463 /- Only",2917 Sq-Ft,4 BHK,Silicon Suburbs,12.917994703222941,77.63449615832445
Premium 2 BHK in Silicon Suburbs,"₹ 4,984,092 /- Only",1461 Sq-Ft,2 BHK,Silicon Suburbs,12.920936379692149,77.62621787146861
Premium 4 BHK in Silicon Suburbs,"₹ 9,671,357 /- Only",2906 Sq-Ft,4 BHK,Silicon Suburbs,12.936362896136592,77.61964744363566
Premium 4 BHK in Downtown Core,"₹ 14,185,717 /- Only",2773 Sq-Ft,4 BHK,Downtown Core,12.973319475288081,77.5931802384664
Premium 3 BHK in Silicon Suburbs,"₹ 6,651,574 /- Only",1896 Sq-Ft,3 BHK,Silicon Suburbs,12.936782155825803,77.6387087488467
Premium 1 BHK in Greenwood Valley,"₹ 2,298,511 /- Only",662 Sq-Ft,1 BHK,Greenwood Valley,12.97511354719179,77.74602281922301
Premium 3 BHK in Downtown Core,"₹ 11,209,811 /- Only",2199 Sq-Ft,3 BHK,Downtown Core,12.967123875214975,77.60507205457179
Premium 1 BHK in Downtown Core,"₹ 2,828,846 /- Only",530 Sq-Ft,1 BHK,Downtown Core,12.977890484218786,77.58335221740249
Premium 2 BHK in Downtown Core,"₹ 6,894,162 /- Only",1366 Sq-Ft,2 BHK,Downtown Core,12.964909282842168,77.59091058354905
Premium 1 BHK in Silicon Suburbs,"₹ 2,274,133 /- Only",656 Sq-Ft,1 BHK,Silicon Suburbs,12.93493041909626,77.63270330570406
Premium 2 BHK in Riverside Estates,"₹ 4,966,406 /- Only",1507 Sq-Ft,2 BHK,Riverside Estates,13.03390836342782,77.52965146616629
Premium 1 BHK in Riverside Estates,"₹ 2,140,634 /- Only",613 Sq-Ft,1 BHK,Riverside Estates,13.027046798299168,77.54504425540948
Premium 4 BHK in Riverside Estates,"₹ 9,272,627 /- Only",2750 Sq-Ft,4 BHK,Riverside Estates,13.031119820288678,77.54428308514295
Premium 2 BHK in Silicon Suburbs,"₹ 4,450,011 /- Only",1273 Sq-Ft,2 BHK,Silicon Suburbs,12.9395653359912,77.61920819366667
Premium 1 BHK in Downtown Core,"₹ 3,546,130 /- Only",684 Sq-Ft,1 BHK,Downtown Core,12.981735187742697,77.60062980893309
Premium 1 BHK in Greenwood Valley,"₹ 1,942,578 /- Only",545 Sq-Ft,1 BHK,Greenwood Valley,12.976425953623048,77.74492486933295
Premium 4 BHK in Downtown Core,"₹ 11,851,961 /- Only",2269 Sq-Ft,4 BHK,Downtown Core,12.981915817443431,77.59834677132662
Premium 3 BHK in Greenwood Valley,"₹ 6,232,165 /- Only",1850 Sq-Ft,3 BHK,Greenwood Valley,12.987160872258857,77.74990526427032
Premium 3 BHK in Downtown Core,"₹ 10,740,382 /- Only",2128 Sq-Ft,3 BHK,Downtown Core,12.960586844720197,77.59881983139624
Premium 2 BHK in Greenwood Valley,"₹ 3,972,505 /- Only",1182 Sq-Ft,2 BHK,Greenwood Valley,12.974252044391475,77.75398312320904
Premium 4 BHK in Riverside Estates,"₹ 9,089,977 /- Only",2662 Sq-Ft,4 BHK,Riverside Estates,13.027754177181983,77.5531641456722
Premium 2 BHK in Silicon Suburbs,"₹ 4,761,136 /- Only",1364 Sq-Ft,2 BHK,Silicon Suburbs,12.919342569187389,77.63804948048335
Premium 4 BHK in Silicon Suburbs,"₹ 9,353,345 /- Only",2787 Sq-Ft,4 BHK,Silicon Suburbs,12.937502817267388,77.62326453093198
Premium 2 BHK in Greenwood Valley,"₹ 4,676,182 /- Only",1365 Sq-Ft,2 BHK,Greenwood Valley,12.980775354009491,77.73906055558052
Premium 3 BHK in Silicon Suburbs,"₹ 6,589,892 /- Only",1898 Sq-Ft,3 BHK,Silicon Suburbs,12.916372321504722,77.62192516352398
Premium 2 BHK in Greenwood Valley,"₹ 4,443,642 /- Only",1264 Sq-Ft,2 BHK,Greenwood Valley,12.979103375551786,77.7464070561326
Premium 2 BHK in Downtown Core,"₹ 7,350,202 /- Only",1443 Sq-Ft,2 BHK,Downtown Core,12.982990240576513,77.58285861331883
Premium 1 BHK in Downtown Core,"₹ 2,952,207 /- Only",560 Sq-Ft,1 BHK,Downtown Core,12.978532201211642,77.59223864553012
Premium 2 BHK in Silicon Suburbs,"₹ 4,607,009 /- Only",1392 Sq-Ft,2 BHK,Silicon Suburbs,12.92216012698101,77.6234453495912
Premium 2 BHK in Greenwood Valley,"₹ 4,256,807 /- Only",1278 Sq-Ft,2 BHK,Greenwood Valley,12.977301872253475,77.74336998921403
Premium 1 BHK in Downtown Core,"₹ 3,102,770 /- Only",583 Sq-Ft,1 BHK,Downtown Core,12.972929943566308,77.59661575930879
Premium 1 BHK in Silicon Suburbs,"₹ 2,060,124 /- Only",614 Sq-Ft,1 BHK,Silicon Suburbs,12.931530993066444,77.6359452171906
Premium 4 BHK in Riverside Estates,"₹ 9,290,712 /- Only",2694 Sq-Ft,4 BHK,Riverside Estates,13.030763855153845,77.53782114709537
Premium 3 BHK in Downtown Core,"₹ 9,356,024 /- Only",1807 Sq-Ft,3 BHK,Downtown Core,12.970611748210239,77.59888658332915
Premium 4 BHK in Riverside Estates,"₹ 9,183,898 /- Only",2686 Sq-Ft,4 BHK,Riverside Estates,13.019713935971968,77.53545182757821
Premium 4 BHK in Downtown Core,"₹ 12,915,385 /- Only",2483 Sq-Ft,4 BHK,Downtown Core,12.973016552290675,77.59540635167339
Premium 2 BHK in Silicon Suburbs,"₹ 4,350,027 /- Only",1258 Sq-Ft,2 BHK,Silicon Suburbs,12.933823929114464,77.63753106777662
Premium 2 BHK in Downtown Core,"₹ 6,301,082 /- Only",1238 Sq-Ft,2 BHK,Downtown Core,12.970211305670547,77.59348152202027
Premium 4 BHK in Downtown Core,"₹ 13,370,225 /- Only",2583 Sq-Ft,4 BHK,Downtown Core,12.969893638140672,77.59611776733509
Premium 2 BHK in Downtown Core,"₹ 7,110,961 /- Only",1425 Sq-Ft,2 BHK,Downtown Core,12.967537518794108,77.59361938720748
Premium 3 BHK in Greenwood Valley,"₹ 6,359,210 /- Only",1826 Sq-Ft,3 BHK,Greenwood Valley,12.985655681720413,77.75191685478242
Premium 4 BHK in Silicon Suburbs,"₹ 9,513,669 /- Only",2842 Sq-Ft,4 BHK,Silicon Suburbs,12.935765812584863,77.63788135322238
Premium 3 BHK in Silicon Suburbs,"₹ 6,437,022 /- Only",1862 Sq-Ft,3 BHK,Silicon Suburbs,12.918475037729591,77.62446239217955
Premium 3 BHK in Downtown Core,"₹ 9,387,082 /- Only",1846 Sq-Ft,3 BHK,Downtown Core,12.968049333054498,77.59223058335273
Premium 1 BHK in Silicon Suburbs,"₹ 1,957,912 /- Only",562 Sq-Ft,1 BHK,Silicon Suburbs,12.933910940409776,77.61577592999093
Premium 2 BHK in Riverside Estates,"₹ 4,080,308 /- Only",1219 Sq-Ft,2 BHK,Riverside Estates,13.029640668970705,77.55152753493135
Premium 1 BHK in Greenwood Valley,"₹ 2,180,222 /- Only",625 Sq-Ft,1 BHK,Greenwood Valley,12.987605224096388,77.75948375330869
Premium 2 BHK in Greenwood Valley,"₹ 4,793,322 /- Only",1417 Sq-Ft,2 BHK,Greenwood Valley,12.976278980435827,77.76071722709767
Premium 4 BHK in Greenwood Valley,"₹ 8,017,222 /- Only",2293 Sq-Ft,4 BHK,Greenwood Valley,12.98530920836778,77.74803558062422
Premium 1 BHK in Silicon Suburbs,"₹ 2,488,519 /- Only",710 Sq-Ft,1 BHK,Silicon Suburbs,12.932509178084054,77.63758411541689
Premium 3 BHK in Riverside Estates,"₹ 6,944,487 /- Only",2017 Sq-Ft,3 BHK,Riverside Estates,13.03333248040213,77.54945507807004
Premium 1 BHK in Downtown Core,"₹ 3,342,105 /- Only",623 Sq-Ft,1 BHK,Downtown Core,12.978458739425237,77.6048728868355
Premium 4 BHK in Downtown Core,"₹ 13,749,662 /- Only",2683 Sq-Ft,4 BHK,Downtown Core,12.968402971385034,77.60483220429896
Premium 2 BHK in Greenwood Valley,"₹ 4,005,895 /- Only",1101 Sq-Ft,2 BHK,Greenwood Valley,12.986114374430462,77.73988883400014
Premium 4 BHK in Greenwood Valley,"₹ 8,690,090 /- Only",2487 Sq-Ft,4 BHK,Greenwood Valley,12.992633867208506,77.75677736087887
Premium 4 BHK in Riverside Estates,"₹ 8,827,547 /- Only",2576 Sq-Ft,4 BHK,Riverside Estates,13.034717732931599,77.5319311246785
Premium 4 BHK in Greenwood Valley,"₹ 9,651,977 /- Only",2862 Sq-Ft,4 BHK,Greenwood Valley,12.973372144414348,77.76009911241277
Premium 4 BHK in Downtown Core,"₹ 14,022,498 /- Only",2767 Sq-Ft,4 BHK,Downtown Core,12.96357060741904,77.6021921888217
Premium 1 BHK in Greenwood Valley,"₹ 2,441,637 /- Only",722 Sq-Ft,1 BHK,Greenwood Valley,12.971557640214094,77.75125556161125
Premium 3 BHK in Riverside Estates,"₹ 7,341,987 /- Only",2229 Sq-Ft,3 BHK,Riverside Estates,13.027101877697438,77.53676920023125
Premium 4 BHK in Silicon Suburbs,"₹ 8,783,235 /- Only",2527 Sq-Ft,4 BHK,Silicon Suburbs,12.937245339545722,77.62722845692726
Premium 4 BHK in Silicon Suburbs,"₹ 8,548,476 /- Only",2508 Sq-Ft,4 BHK,Silicon Suburbs,12.926243584102343,77.63646098186548
Premium 4 BHK in Silicon Suburbs,"₹ 8,414,587 /- Only",2427 Sq-Ft,4 BHK,Silicon Suburbs,12.916012544608604,77.63391757966987
Premium 4 BHK in Greenwood Valley,"₹ 8,252,696 /- Only",2406 Sq-Ft,4 BHK,Greenwood Valley,12.987237472326198,77.75609438031404
Premium 3 BHK in Greenwood Valley,"₹ 7,104,825 /- Only",2086 Sq-Ft,3 BHK,Greenwood Valley,12.990321890466616,77.74053880893372
Premium 4 BHK in Downtown Core,"₹ 13,607,277 /- Only",2642 Sq-Ft,4 BHK,Downtown Core,12.9781040006995,77.58587103668793
Premium 2 BHK in Downtown Core,"₹ 7,561,662 /- Only",1497 Sq-Ft,2 BHK,Downtown Core,12.981908808086793,77.58467572312236
Premium 2 BHK in Riverside Estates,"₹ 4,627,791 /- Only",1412 Sq-Ft,2 BHK,Riverside Estates,13.033966704901106,77.5420709286121
Premium 1 BHK in Greenwood Valley,"₹ 2,301,158 /- Only",688 Sq-Ft,1 BHK,Greenwood Valley,12.974080239777868,77.7616342724785
Premium 1 BHK in Silicon Suburbs,"₹ 2,277,764 /- Only",696 Sq-Ft,1 BHK,Silicon Suburbs,12.928076943244577,77.63482506582157
Premium 2 BHK in Greenwood Valley,"₹ 4,735,828 /- Only",1444 Sq-Ft,2 BHK,Greenwood Valley,12.970085831013556,77.74572028568146
Premium 3 BHK in Silicon Suburbs,"₹ 5,721,292 /- Only",1644 Sq-Ft,3 BHK,Silicon Suburbs,12.930543001010989,77.62022794835279
Premium 1 BHK in Downtown Core,"₹ 3,108,118 /- Only",578 Sq-Ft,1 BHK,Downtown Core,12.975261478913275,77.58355104367311
Premium 3 BHK in Downtown Core,"₹ 9,948,428 /- Only",1948 Sq-Ft,3 BHK,Downtown Core,12.975612112019734,77.60179885862111
Premium 4 BHK in Riverside Estates,"₹ 7,650,742 /- Only",2181 Sq-Ft,4 BHK,Riverside Estates,13.023385823469411,77.5436630678202
Premium 2 BHK in Riverside Estates,"₹ 4,740,310 /- Only",1399 Sq-Ft,2 BHK,Riverside Estates,13.021920529010993,77.54039569444268
Premium 1 BHK in Downtown Core,"₹ 3,353,063 /- Only",649 Sq-Ft,1 BHK,Downtown Core,12.978047912855718,77.6064661029826
Premium 1 BHK in Silicon Suburbs,"₹ 2,112,438 /- Only",624 Sq-Ft,1 BHK,Silicon Suburbs,12.934888958073985,77.61551871171277
Premium 3 BHK in Riverside Estates,"₹ 6,236,439 /- Only",1795 Sq-Ft,3 BHK,Riverside Estates,13.02405756657821,77.53201537672149
Premium 3 BHK in Downtown Core,"₹ 8,624,631 /- Only",1669 Sq-Ft,3 BHK,Downtown Core,12.962576367791302,77.59444003726792
Premium 1 BHK in Greenwood Valley,"₹ 1,973,654 /- Only",603 Sq-Ft,1 BHK,Greenwood Valley,12.981647632448684,77.75614449988474
Premium 3 BHK in Riverside Estates,"₹ 7,544,572 /- Only",2220 Sq-Ft,3 BHK,Riverside Estates,13.02197518193985,77.53131863964364
Premium 4 BHK in Silicon Suburbs,"₹ 9,467,251 /- Only",2844 Sq-Ft,4 BHK,Silicon Suburbs,12.931581264201307,77.6208575525581
Premium 1 BHK in Downtown Core,"₹ 3,281,761 /- Only",651 Sq-Ft,1 BHK,Downtown Core,12.964973207258266,77.58794715600422
Premium 2 BHK in Silicon Suburbs,"₹ 4,553,160 /- Only",1331 Sq-Ft,2 BHK,Silicon Suburbs,12.927447879030252,77.63363939413318
Premium 4 BHK in Greenwood Valley,"₹ 9,869,663 /- Only",2911 Sq-Ft,4 BHK,Greenwood Valley,12.983489206435257,77.74766644827069
Premium 4 BHK in Silicon Suburbs,"₹ 9,710,346 /- Only",2892 Sq-Ft,4 BHK,Silicon Suburbs,12.92509256517072,77.63646394611271
Premium 4 BHK in Greenwood Valley,"₹ 8,108,249 /- Only",2364 Sq-Ft,4 BHK,Greenwood Valley,12.985878480796309,77.75320898178971
Premium 1 BHK in Riverside Estates,"₹ 2,215,461 /- Only",614 Sq-Ft,1 BHK,Riverside Estates,13.034078826749207,77.55312918106098
Premium 3 BHK in Greenwood Valley,"₹ 7,205,037 /- Only",2110 Sq-Ft,3 BHK,Greenwood Valley,12.985522341302984,77.75353122163673
Premium 3 BHK in Greenwood Valley,"₹ 6,360,952 /- Only",1804 Sq-Ft,3 BHK,Greenwood Valley,12.969555800431907,77.75194171388172
Premium 1 BHK in Greenwood Valley,"₹ 2,397,345 /- Only",664 Sq-Ft,1 BHK,Greenwood Valley,12.991231014223485,77.76083394087647
Premium 4 BHK in Greenwood Valley,"₹ 8,941,759 /- Only",2602 Sq-Ft,4 BHK,Greenwood Valley,12.990280888686524,77.75732486293748
Premium 4 BHK in Riverside Estates,"₹ 7,623,962 /- Only",2182 Sq-Ft,4 BHK,Riverside Estates,13.035606714292568,77.55348008623993
Premium 4 BHK in Downtown Core,"₹ 15,152,430 /- Only",3003 Sq-Ft,4 BHK,Downtown Core,12.967011479563537,77.6009359383094
Premium 3 BHK in Greenwood Valley,"₹ 6,158,157 /- Only",1750 Sq-Ft,3 BHK,Greenwood Valley,12.989287393449393,77.75542846272538
Premium 2 BHK in Riverside Estates,"₹ 4,930,229 /- Only",1432 Sq-Ft,2 BHK,Riverside Estates,13.018286855639742,77.55085337370943
Premium 4 BHK in Downtown Core,"₹ 13,496,856 /- Only",2645 Sq-Ft,4 BHK,Downtown Core,12.973010515292541,77.59597041725533
Premium 3 BHK in Silicon Suburbs,"₹ 6,205,965 /- Only",1747 Sq-Ft,3 BHK,Silicon Suburbs,12.939313713827282,77.61633428610419
Premium 2 BHK in Silicon Suburbs,"₹ 4,026,122 /- Only",1166 Sq-Ft,2 BHK,Silicon Suburbs,12.936334208481894,77.62535377116562
Premium 2 BHK in Downtown Core,"₹ 6,494,040 /- Only",1290 Sq-Ft,2 BHK,Downtown Core,12.97896578400596,77.6064089522728
Premium 1 BHK in Greenwood Valley,"₹ 2,082,850 /- Only",564 Sq-Ft,1 BHK,Greenwood Valley,12.985959167125399,77.75135177371304
Premium 3 BHK in Greenwood Valley,"₹ 7,315,957 /- Only",2207 Sq-Ft,3 BHK,Greenwood Valley,12.972957272533074,77.75622062380569
Premium 1 BHK in Silicon Suburbs,"₹ 1,947,415 /- Only",591 Sq-Ft,1 BHK,Silicon Suburbs,12.921250360078695,77.63751652291587
Premium 4 BHK in Downtown Core,"₹ 12,420,039 /- Only",2407 Sq-Ft,4 BHK,Downtown Core,12.962455092582122,77.58763863458636
Premium 1 BHK in Silicon Suburbs,"₹ 2,080,729 /- Only",551 Sq-Ft,1 BHK,Silicon Suburbs,12.928346124714093,77.61555562336
Premium 1 BHK in Greenwood Valley,"₹ 1,836,024 /- Only",529 Sq-Ft,1 BHK,Greenwood Valley,12.973687718221678,77.76079442161624
Premium 1 BHK in Silicon Suburbs,"₹ 1,886,891 /- Only",545 Sq-Ft,1 BHK,Silicon Suburbs,12.93929423913942,77.62326344500995
Premium 4 BHK in Greenwood Valley,"₹ 8,235,006 /- Only",2346 Sq-Ft,4 BHK,Greenwood Valley,12.983658713554107,77.75868656493333
Premium 4 BHK in Riverside Estates,"₹ 8,678,840 /- Only",2542 Sq-Ft,4 BHK,Riverside Estates,13.031879809131075,77.53336587530018
Premium 4 BHK in Downtown Core,"₹ 14,513,214 /- Only",2888 Sq-Ft,4 BHK,Downtown Core,12.976121031807644,77.60211629103097
Premium 2 BHK in Riverside Estates,"₹ 3,807,510 /- Only",1093 Sq-Ft,2 BHK,Riverside Estates,13.028305664437596,77.5484217665016
Premium 4 BHK in Downtown Core,"₹ 14,276,241 /- Only",2797 Sq-Ft,4 BHK,Downtown Core,12.962434023147733,77.60314810166965
Premium 3 BHK in Greenwood Valley,"₹ 7,374,041 /- Only",2190 Sq-Ft,3 BHK,Greenwood Valley,12.979195030210686,77.75756507268038
Premium 1 BHK in Riverside Estates,"₹ 2,248,536 /- Only",710 Sq-Ft,1 BHK,Riverside Estates,13.021169110197278,77.53207970654296
Premium 2 BHK in Silicon Suburbs,"₹ 3,825,282 /- Only",1075 Sq-Ft,2 BHK,Silicon Suburbs,12.926147554197636,77.61945138459866
Premium 3 BHK in Riverside Estates,"₹ 6,044,652 /- Only",1714 Sq-Ft,3 BHK,Riverside Estates,13.018332591517035,77.53118559139192
Premium 2 BHK in Silicon Suburbs,"₹ 4,040,237 /- Only",1188 Sq-Ft,2 BHK,Silicon Suburbs,12.916773435395488,77.63314847435612
Premium 3 BHK in Riverside Estates,"₹ 6,540,579 /- Only",1888 Sq-Ft,3 BHK,Riverside Estates,13.026142087751571,77.54342701241883
Premium 2 BHK in Riverside Estates,"₹ 4,399,676 /- Only",1260 Sq-Ft,2 BHK,Riverside Estates,13.02995754162521,77.55239559716145
Premium 4 BHK in Riverside Estates,"₹ 8,338,324 /- Only",2434 Sq-Ft,4 BHK,Riverside Estates,13.025576274525987,77.52994448077536
Premium 2 BHK in Riverside Estates,"₹ 4,496,246 /- Only",1321 Sq-Ft,2 BHK,Riverside Estates,13.027633004640956,77.54126648450841
Premium 2 BHK in Greenwood Valley,"₹ 4,101,774 /- Only",1148 Sq-Ft,2 BHK,Greenwood Valley,12.971710996689435,77.7399738967037
Premium 1 BHK in Silicon Suburbs,"₹ 2,222,982 /- Only",640 Sq-Ft,1 BHK,Silicon Suburbs,12.92008574516452,77.62414168443676
Premium 1 BHK in Riverside Estates,"₹ 2,467,777 /- Only",696 Sq-Ft,1 BHK,Riverside Estates,13.039241530344151,77.53731372012041
Premium 3 BHK in Riverside Estates,"₹ 5,819,298 /- Only",1676 Sq-Ft,3 BHK,Riverside Estates,13.02963928877568,77.5515529646171
Premium 3 BHK in Downtown Core,"₹ 9,057,032 /- Only",1734 Sq-Ft,3 BHK,Downtown Core,12.96199104242443,77.59304329387274
Premium 3 BHK in Silicon Suburbs,"₹ 6,550,138 /- Only",1934 Sq-Ft,3 BHK,Silicon Suburbs,12.938344929297573,77.61752544737102
Premium 4 BHK in Riverside Estates,"₹ 9,239,323 /- Only",2707 Sq-Ft,4 BHK,Riverside Estates,13.034884263754522,77.5490696212261
Premium 2 BHK in Downtown Core,"₹ 6,823,947 /- Only",1332 Sq-Ft,2 BHK,Downtown Core,12.982508590667196,77.58580506288467
Premium 1 BHK in Downtown Core,"₹ 2,962,686 /- Only",593 Sq-Ft,1 BHK,Downtown Core,12.968272451413084,77.59406583798958
Premium 4 BHK in Silicon Suburbs,"₹ 9,821,696 /- Only",2948 Sq-Ft,4 BHK,Silicon Suburbs,12.923348668047758,77.61737692898996
Premium 1 BHK in Greenwood Valley,"₹ 2,126,342 /- Only",661 Sq-Ft,1 BHK,Greenwood Valley,12.980671244891456,77.73854011907271
Premium 3 BHK in Downtown Core,"₹ 8,917,967 /- Only",1717 Sq-Ft,3 BHK,Downtown Core,12.96052132353775,77.5912360932202
Premium 2 BHK in Silicon Suburbs,"₹ 4,806,291 /- Only",1435 Sq-Ft,2 BHK,Silicon Suburbs,12.928882082975386,77.61645729653235
Premium 4 BHK in Downtown Core,"₹ 14,217,974 /- Only",2778 Sq-Ft,4 BHK,Downtown Core,12.974772232051683,77.59903225635259
Premium 2 BHK in Riverside Estates,"₹ 3,805,844 /- Only",1079 Sq-Ft,2 BHK,Riverside Estates,13.027892597175438,77.54527614558143
Premium 4 BHK in Downtown Core,"₹ 14,082,259 /- Only",2786 Sq-Ft,4 BHK,Downtown Core,12.965383262055113,77.59028785193962
Premium 3 BHK in Downtown Core,"₹ 9,224,141 /- Only",1759 Sq-Ft,3 BHK,Downtown Core,12.962524585385106,77.59856991759689
Premium 4 BHK in Riverside Estates,"₹ 9,066,371 /- Only",2696 Sq-Ft,4 BHK,Riverside Estates,13.029513158258425,77.55186272479045
Premium 1 BHK in Downtown Core,"₹ 3,502,344 /- Only",702 Sq-Ft,1 BHK,Downtown Core,12.966606247684158,77.59112203215116
Premium 3 BHK in Silicon Suburbs,"₹ 6,667,606 /- Only",1991 Sq-Ft,3 BHK,Silicon Suburbs,12.916278070817768,77.63066118129936
Premium 4 BHK in Greenwood Valley,"₹ 7,827,412 /- Only",2178 Sq-Ft,4 BHK,Greenwood Valley,12.978453149158298,77.7499380266426
Premium 1 BHK in Downtown Core,"₹ 2,991,466 /- Only",576 Sq-Ft,1 BHK,Downtown Core,12.98334299132317,77.59069936682998
Premium 2 BHK in Downtown Core,"₹ 6,445,794 /- Only",1274 Sq-Ft,2 BHK,Downtown Core,12.975916689331104,77.59888975833553
Premium 1 BHK in Riverside Estates,"₹ 2,233,201 /- Only",656 Sq-Ft,1 BHK,Riverside Estates,13.02165201763322,77.54326238238414
Premium 3 BHK in Greenwood Valley,"₹ 5,917,524 /- Only",1734 Sq-Ft,3 BHK,Greenwood Valley,12.987849138886208,77.74629634158795
Premium 3 BHK in Downtown Core,"₹ 10,748,676 /- Only",2128 Sq-Ft,3 BHK,Downtown Core,12.981593465283872,77.58279800015237
Premium 3 BHK in Downtown Core,"₹ 9,683,764 /- Only",1902 Sq-Ft,3 BHK,Downtown Core,12.972553728657207,77.60480593810057
Premium 2 BHK in Downtown Core,"₹ 7,494,736 /- Only",1460 Sq-Ft,2 BHK,Downtown Core,12.970535017276735,77.59165825544022
Premium 4 BHK in Silicon Suburbs,"₹ 8,739,085 /- Only",2602 Sq-Ft,4 BHK,Silicon Suburbs,12.936814163940394,77.63416912220463
Premium 1 BHK in Silicon Suburbs,"₹ 2,295,726 /- Only",720 Sq-Ft,1 BHK,Silicon Suburbs,12.93626509192732,77.63839319536903
Premium 3 BHK in Greenwood Valley,"₹ 6,425,941 /- Only",1907 Sq-Ft,3 BHK,Greenwood Valley,12.983356754217153,77.747245699928
Premium 1 BHK in Downtown Core,"₹ 3,792,179 /- Only",763 Sq-Ft,1 BHK,Downtown Core,12.971896205172463,77.58876271592926
Premium 3 BHK in Downtown Core,"₹ 9,876,528 /- Only",1945 Sq-Ft,3 BHK,Downtown Core,12.971252457705107,77.60288430699082
Premium 3 BHK in Greenwood Valley,"₹ 7,493,944 /- Only",2207 Sq-Ft,3 BHK,Greenwood Valley,12.980804940257652,77.74797663187236
Premium 1 BHK in Downtown Core,"₹ 3,693,275 /- Only",761 Sq-Ft,1 BHK,Downtown Core,12.972061496137425,77.59612582214051
Premium 2 BHK in Greenwood Valley,"₹ 4,895,735 /- Only",1416 Sq-Ft,2 BHK,Greenwood Valley,12.978997831407526,77.74632720042476
Premium 1 BHK in Riverside Estates,"₹ 2,213,474 /- Only",636 Sq-Ft,1 BHK,Riverside Estates,13.024693945493878,77.55299718969029
Premium 2 BHK in Greenwood Valley,"₹ 4,995,167 /- Only",1508 Sq-Ft,2 BHK,Greenwood Valley,12.98445354746245,77.74130327206773
Premium 1 BHK in Downtown Core,"₹ 3,424,757 /- Only",660 Sq-Ft,1 BHK,Downtown Core,12.979992175145004,77.60274099186837
Premium 1 BHK in Downtown Core,"₹ 3,418,623 /- Only",693 Sq-Ft,1 BHK,Downtown Core,12.983299977370766,77.59869581448183
Premium 1 BHK in Downtown Core,"₹ 2,893,754 /- Only",540 Sq-Ft,1 BHK,Downtown Core,12.9808550327429,77.59234370146794
Premium 3 BHK in Greenwood Valley,"₹ 7,222,660 /- Only",2136 Sq-Ft,3 BHK,Greenwood Valley,12.977147498237432,77.7480328652021
Premium 1 BHK in Silicon Suburbs,"₹ 2,266,024 /- Only",666 Sq-Ft,1 BHK,Silicon Suburbs,12.92325344344908,77.63882273778017
Premium 3 BHK in Downtown Core,"₹ 9,622,135 /- Only",1904 Sq-Ft,3 BHK,Downtown Core,12.974911931724405,77.59395291779899
Premium 3 BHK in Silicon Suburbs,"₹ 6,406,794 /- Only",1843 Sq-Ft,3 BHK,Silicon Suburbs,12.938333526730851,77.62767882331458
Premium 4 BHK in Riverside Estates,"₹ 9,602,850 /- Only",2898 Sq-Ft,4 BHK,Riverside Estates,13.039517356453723,77.54752994169894
Premium 3 BHK in Riverside Estates,"₹ 7,536,408 /- Only",2214 Sq-Ft,3 BHK,Riverside Estates,13.03387793806632,77.54188198663556
Premium 3 BHK in Silicon Suburbs,"₹ 6,545,745 /- Only",1862 Sq-Ft,3 BHK,Silicon Suburbs,12.922765880867779,77.63769642374292
Premium 4 BHK in Greenwood Valley,"₹ 9,326,314 /- Only",2720 Sq-Ft,4 BHK,Greenwood Valley,12.977143983296692,77.75988230022121
Premium 1 BHK in Greenwood Valley,"₹ 1,764,894 /- Only",537 Sq-Ft,1 BHK,Greenwood Valley,12.992098730408703,77.74527042640544
Premium 2 BHK in Riverside Estates,"₹ 4,009,860 /- Only",1149 Sq-Ft,2 BHK,Riverside Estates,13.030616375053764,77.54945024216471
Premium 3 BHK in Downtown Core,"₹ 10,984,051 /- Only",2176 Sq-Ft,3 BHK,Downtown Core,12.962065764197847,77.58465571109232
Premium 2 BHK in Greenwood Valley,"₹ 4,601,783 /- Only",1370 Sq-Ft,2 BHK,Greenwood Valley,12.971615350787937,77.75352672818649
Premium 3 BHK in Silicon Suburbs,"₹ 6,102,198 /- Only",1793 Sq-Ft,3 BHK,Silicon Suburbs,12.939380678742864,77.61881455943961
Premium 3 BHK in Greenwood Valley,"₹ 6,665,259 /- Only",1954 Sq-Ft,3 BHK,Greenwood Valley,12.97548410905156,77.75345691441726
Premium 2 BHK in Downtown Core,"₹ 5,856,588 /- Only",1155 Sq-Ft,2 BHK,Downtown Core,12.982492397491251,77.58949260759007
Premium 3 BHK in Greenwood Valley,"₹ 7,489,987 /- Only",2252 Sq-Ft,3 BHK,Greenwood Valley,12.97588315950034,77.75764463343378
Premium 1 BHK in Riverside Estates,"₹ 1,963,742 /- Only",567 Sq-Ft,1 BHK,Riverside Estates,13.018583221305548,77.53225043871625
Premium 1 BHK in Silicon Suburbs,"₹ 2,248,206 /- Only",665 Sq-Ft,1 BHK,Silicon Suburbs,12.9327217991133,77.6223709259856
Premium 1 BHK in Riverside Estates,"₹ 2,137,625 /- Only",611 Sq-Ft,1 BHK,Riverside Estates,13.029368399885588,77.54992716509666
Premium 1 BHK in Downtown Core,"₹ 3,275,406 /- Only",647 Sq-Ft,1 BHK,Downtown Core,12.978165124977549,77.58378830500072
Premium 2 BHK in Downtown Core,"₹ 7,004,368 /- Only",1381 Sq-Ft,2 BHK,Downtown Core,12.961916780165527,77.59825091843553
Premium 1 BHK in Downtown Core,"₹ 3,058,080 /- Only",599 Sq-Ft,1 BHK,Downtown Core,12.964827208481028,77.59496630220846
Premium 4 BHK in Greenwood Valley,"₹ 9,810,415 /- Only",2930 Sq-Ft,4 BHK,Greenwood Valley,12.979699729859535,77.75916498235883
Premium 2 BHK in Riverside Estates,"₹ 4,074,635 /- Only",1178 Sq-Ft,2 BHK,Riverside Estates,13.02387083220446,77.54639318762217
Premium 3 BHK in Silicon Suburbs,"₹ 6,669,618 /- Only",1951 Sq-Ft,3 BHK,Silicon Suburbs,12.921452941829841,77.62142756545366
Premium 1 BHK in Downtown Core,"₹ 3,060,444 /- Only",574 Sq-Ft,1 BHK,Downtown Core,12.964727365299709,77.59404023667848
Premium 1 BHK in Downtown Core,"₹ 3,728,776 /- Only",737 Sq-Ft,1 BHK,Downtown Core,12.982766632321939,77.59215928049358
Premium 1 BHK in Downtown Core,"₹ 3,303,602 /- Only",670 Sq-Ft,1 BHK,Downtown Core,12.960212260317734,77.6038749933591
Premium 3 BHK in Riverside Estates,"₹ 6,654,409 /- Only",1990 Sq-Ft,3 BHK,Riverside Estates,13.01833568889394,77.54556167395715
Premium 1 BHK in Downtown Core,"₹ 2,872,769 /- Only",549 Sq-Ft,1 BHK,Downtown Core,12.971201257165518,77.5843838631363
Premium 4 BHK in Downtown Core,"₹ 12,317,273 /- Only",2395 Sq-Ft,4 BHK,Downtown Core,12.961382877806695,77.59799361975004
Premium 2 BHK in Downtown Core,"₹ 6,939,836 /- Only",1376 Sq-Ft,2 BHK,Downtown Core,12.97511103948843,77.59036766554976
Premium 4 BHK in Silicon Suburbs,"₹ 9,601,647 /- Only",2827 Sq-Ft,4 BHK,Silicon Suburbs,12.923854247054004,77.6359983396734
Premium 2 BHK in Silicon Suburbs,"₹ 4,790,422 /- Only",1408 Sq-Ft,2 BHK,Silicon Suburbs,12.920148198436207,77.63775170235343
Premium 1 BHK in Greenwood Valley,"₹ 2,345,295 /- Only",714 Sq-Ft,1 BHK,Greenwood Valley,12.990131239508148,77.73868694151601
Premium 3 BHK in Downtown Core,"₹ 10,297,428 /- Only",1990 Sq-Ft,3 BHK,Downtown Core,12.97542771691774,77.58339139594824
Premium 2 BHK in Downtown Core,"₹ 6,900,803 /- Only",1385 Sq-Ft,2 BHK,Downtown Core,12.975774463306227,77.59101304277522
Premium 1 BHK in Riverside Estates,"₹ 2,227,637 /- Only",687 Sq-Ft,1 BHK,Riverside Estates,13.038262790852377,77.55161244085426
Premium 4 BHK in Riverside Estates,"₹ 9,604,269 /- Only",2871 Sq-Ft,4 BHK,Riverside Estates,13.030235314715142,77.54797339663749
Premium 4 BHK in Downtown Core,"₹ 11,816,276 /- Only",2292 Sq-Ft,4 BHK,Downtown Core,12.979501833440798,77.59212242346463
Premium 4 BHK in Riverside Estates,"₹ 9,026,475 /- Only",2671 Sq-Ft,4 BHK,Riverside Estates,13.03607981259397,77.55342674506555
Premium 2 BHK in Greenwood Valley,"₹ 4,583,635 /- Only",1381 Sq-Ft,2 BHK,Greenwood Valley,12.98806860027474,77.75709563730176
Premium 2 BHK in Downtown Core,"₹ 6,984,190 /- Only",1395 Sq-Ft,2 BHK,Downtown Core,12.971604598297422,77.58364290981261
Premium 2 BHK in Downtown Core,"₹ 6,125,795 /- Only",1209 Sq-Ft,2 BHK,Downtown Core,12.963956788982035,77.60401405933729
Premium 2 BHK in Silicon Suburbs,"₹ 5,112,120 /- Only",1488 Sq-Ft,2 BHK,Silicon Suburbs,12.925050910502414,77.62470398344836
Premium 3 BHK in Riverside Estates,"₹ 7,008,973 /- Only",2088 Sq-Ft,3 BHK,Riverside Estates,13.033052136605532,77.52970414597351
Premium 2 BHK in Greenwood Valley,"₹ 3,897,495 /- Only",1120 Sq-Ft,2 BHK,Greenwood Valley,12.983321015889649,77.74264978809451
Premium 1 BHK in Silicon Suburbs,"₹ 2,472,684 /- Only",715 Sq-Ft,1 BHK,Silicon Suburbs,12.934065033555939,77.62999966563764
Premium 3 BHK in Riverside Estates,"₹ 5,923,163 /- Only",1696 Sq-Ft,3 BHK,Riverside Estates,13.021601546313974,77.53228224216501
Premium 4 BHK in Downtown Core,"₹ 11,578,627 /- Only",2228 Sq-Ft,4 BHK,Downtown Core,12.969809472700934,77.58822421594009
Premium 3 BHK in Riverside Estates,"₹ 7,147,076 /- Only",2151 Sq-Ft,3 BHK,Riverside Estates,13.026757999344314,77.52989308851008
Premium 4 BHK in Greenwood Valley,"₹ 9,418,272 /- Only",2802 Sq-Ft,4 BHK,Greenwood Valley,12.990597927791542,77.74898892944341
Premium 3 BHK in Silicon Suburbs,"₹ 6,771,873 /- Only",1980 Sq-Ft,3 BHK,Silicon Suburbs,12.925180778239582,77.63398905985366
Premium 2 BHK in Downtown Core,"₹ 5,939,018 /- Only",1175 Sq-Ft,2 BHK,Downtown Core,12.976413957940563,77.5969190448884
Premium 1 BHK in Riverside Estates,"₹ 2,332,173 /- Only",646 Sq-Ft,1 BHK,Riverside Estates,13.026831146652164,77.53907334503339
Premium 2 BHK in Downtown Core,"₹ 6,504,529 /- Only",1256 Sq-Ft,2 BHK,Downtown Core,12.962832084463736,77.60363592831361
Premium 1 BHK in Downtown Core,"₹ 3,209,982 /- Only",603 Sq-Ft,1 BHK,Downtown Core,12.966560230853972,77.58568631056147
Premium 4 BHK in Silicon Suburbs,"₹ 8,575,958 /- Only",2446 Sq-Ft,4 BHK,Silicon Suburbs,12.921268452561904,77.62490177718719
Premium 2 BHK in Downtown Core,"₹ 6,378,371 /- Only",1209 Sq-Ft,2 BHK,Downtown Core,12.967085675941755,77.58494048889025
Premium 2 BHK in Downtown Core,"₹ 6,567,928 /- Only",1306 Sq-Ft,2 BHK,Downtown Core,12.981506552155865,77.59905882421302
Premium 3 BHK in Greenwood Valley,"₹ 6,684,137 /- Only",2010 Sq-Ft,3 BHK,Greenwood Valley,12.981260038977279,77.76093332495279
Premium 4 BHK in Downtown Core,"₹ 14,324,618 /- Only",2834 Sq-Ft,4 BHK,Downtown Core,12.980053677667659,77.58359273604081
Premium 2 BHK in Greenwood Valley,"₹ 4,668,749 /- Only",1397 Sq-Ft,2 BHK,Greenwood Valley,12.982374912785971,77.76026200120639
Premium 3 BHK in Greenwood Valley,"₹ 7,279,746 /- Only",2176 Sq-Ft,3 BHK,Greenwood Valley,12.979318332348623,77.75965700516507
Premium 1 BHK in Riverside Estates,"₹ 2,025,444 /- Only",625 Sq-Ft,1 BHK,Riverside Estates,13.029130658360897,77.5488282073309
Premium 3 BHK in Silicon Suburbs,"₹ 7,611,578 /- Only",2246 Sq-Ft,3 BHK,Silicon Suburbs,12.917246606883358,77.63320441407598
Premium 1 BHK in Downtown Core,"₹ 3,564,941 /- Only",683 Sq-Ft,1 BHK,Downtown Core,12.964573282520044,77.58613429905809
Premium 1 BHK in Downtown Core,"₹ 3,903,725 /- Only",763 Sq-Ft,1 BHK,Downtown Core,12.970037631027505,77.59962662863823
Premium 1 BHK in Downtown Core,"₹ 3,286,771 /- Only",638 Sq-Ft,1 BHK,Downtown Core,12.964283082189915,77.5951599762077
Premium 4 BHK in Riverside Estates,"₹ 8,045,805 /- Only",2305 Sq-Ft,4 BHK,Riverside Estates,13.040251760333724,77.54427787449995
Premium 4 BHK in Silicon Suburbs,"₹ 7,761,054 /- Only",2244 Sq-Ft,4 BHK,Silicon Suburbs,12.934227088877742,77.63590634383381
Premium 2 BHK in Greenwood Valley,"₹ 4,654,801 /- Only",1370 Sq-Ft,2 BHK,Greenwood Valley,12.972953773885717,77.73995535872577
Premium 3 BHK in Silicon Suburbs,"₹ 7,140,385 /- Only",2081 Sq-Ft,3 BHK,Silicon Suburbs,12.925985974207968,77.63255297287152
Premium 3 BHK in Silicon Suburbs,"₹ 6,269,517 /- Only",1834 Sq-Ft,3 BHK,Silicon Suburbs,12.9365354643772,77.61667333460076
Premium 2 BHK in Riverside Estates,"₹ 3,812,724 /- Only",1126 Sq-Ft,2 BHK,Riverside Estates,13.037316009999369,77.53929904718355
Premium 2 BHK in Silicon Suburbs,"₹ 4,880,175 /- Only",1411 Sq-Ft,2 BHK,Silicon Suburbs,12.919981222666715,77.62136890430837
Premium 3 BHK in Downtown Core,"₹ 10,892,952 /- Only",2148 Sq-Ft,3 BHK,Downtown Core,12.981953208349813,77.6038674712271
Premium 1 BHK in Greenwood Valley,"₹ 2,180,308 /- Only",612 Sq-Ft,1 BHK,Greenwood Valley,12.98318820097325,77.75067042458262
Premium 2 BHK in Riverside Estates,"₹ 4,272,617 /- Only",1230 Sq-Ft,2 BHK,Riverside Estates,13.019871743156415,77.54320336416943
Premium 4 BHK in Silicon Suburbs,"₹ 7,989,694 /- Only",2264 Sq-Ft,4 BHK,Silicon Suburbs,12.935929665341234,77.62130494453258
Premium 4 BHK in Greenwood Valley,"₹ 8,408,111 /- Only",2380 Sq-Ft,4 BHK,Greenwood Valley,12.984615817323196,77.7418301696451
Premium 2 BHK in Downtown Core,"₹ 6,657,545 /- Only",1324 Sq-Ft,2 BHK,Downtown Core,12.96682928303443,77.588942169832
Premium 4 BHK in Greenwood Valley,"₹ 8,951,292 /- Only",2584 Sq-Ft,4 BHK,Greenwood Valley,12.983763085497344,77.74576047841795
Premium 4 BHK in Riverside Estates,"₹ 9,746,180 /- Only",2879 Sq-Ft,4 BHK,Riverside Estates,13.018536616092884,77.55150693294857
Premium 1 BHK in Downtown Core,"₹ 3,276,361 /- Only",649 Sq-Ft,1 BHK,Downtown Core,12.980005170449955,77.60226039085875
Premium 2 BHK in Silicon Suburbs,"₹ 4,225,554 /- Only",1179 Sq-Ft,2 BHK,Silicon Suburbs,12.918061784027756,77.63658200056744
Premium 1 BHK in Greenwood Valley,"₹ 2,219,377 /- Only",696 Sq-Ft,1 BHK,Greenwood Valley,12.972661408539585,77.7583377039976
Premium 4 BHK in Silicon Suburbs,"₹ 8,111,770 /- Only",2309 Sq-Ft,4 BHK,Silicon Suburbs,12.929103406052407,77.6338218256738
Premium 4 BHK in Riverside Estates,"₹ 8,862,208 /- Only",2555 Sq-Ft,4 BHK,Riverside Estates,13.020398951928588,77.55252626057391
Premium 2 BHK in Downtown Core,"₹ 7,213,140 /- Only",1433 Sq-Ft,2 BHK,Downtown Core,12.983475896822268,77.5870587940932
Premium 1 BHK in Greenwood Valley,"₹ 2,324,283 /- Only",659 Sq-Ft,1 BHK,Greenwood Valley,12.991926309934808,77.74801391559531
Premium 4 BHK in Riverside Estates,"₹ 9,383,792 /- Only",2781 Sq-Ft,4 BHK,Riverside Estates,13.027316552439675,77.54600496085307
Premium 2 BHK in Riverside Estates,"₹ 4,408,548 /- Only",1283 Sq-Ft,2 BHK,Riverside Estates,13.025751051552541,77.5434807449512
Premium 4 BHK in Riverside Estates,"₹ 8,847,046 /- Only",2584 Sq-Ft,4 BHK,Riverside Estates,13.026793108740414,77.54919077956396
Premium 2 BHK in Silicon Suburbs,"₹ 4,186,063 /- Only",1225 Sq-Ft,2 BHK,Silicon Suburbs,12.920022319571883,77.63818202407994
Premium 1 BHK in Greenwood Valley,"₹ 2,185,214 /- Only",658 Sq-Ft,1 BHK,Greenwood Valley,12.98927800932806,77.74379535626103
Premium 3 BHK in Silicon Suburbs,"₹ 7,391,244 /- Only",2165 Sq-Ft,3 BHK,Silicon Suburbs,12.925722310296623,77.61529650580006
Premium 4 BHK in Riverside Estates,"₹ 9,929,362 /- Only",2978 Sq-Ft,4 BHK,Riverside Estates,13.037247637880057,77.5400388671393
Premium 4 BHK in Downtown Core,"₹ 12,660,062 /- Only",2431 Sq-Ft,4 BHK,Downtown Core,12.978342788170819,77.60643531591029
Premium 4 BHK in Downtown Core,"₹ 11,399,367 /- Only",2160 Sq-Ft,4 BHK,Downtown Core,12.972711245190297,77.58700378799625
Premium 2 BHK in Downtown Core,"₹ 7,240,936 /- Only",1409 Sq-Ft,2 BHK,Downtown Core,12.977782063365604,77.60463842592496
Premium 4 BHK in Silicon Suburbs,"₹ 8,549,836 /- Only",2499 Sq-Ft,4 BHK,Silicon Suburbs,12.931444168951176,77.62485099812935
Premium 3 BHK in Greenwood Valley,"₹ 6,767,577 /- Only",1955 Sq-Ft,3 BHK,Greenwood Valley,12.985478441607603,77.75777639780027
Premium 4 BHK in Silicon Suburbs,"₹ 8,252,333 /- Only",2372 Sq-Ft,4 BHK,Silicon Suburbs,12.938404105874476,77.62737245306857
Premium 3 BHK in Silicon Suburbs,"₹ 6,063,167 /- Only",1761 Sq-Ft,3 BHK,Silicon Suburbs,12.917058158422536,77.62455424808236
Premium 2 BHK in Greenwood Valley,"₹ 3,996,100 /- Only",1160 Sq-Ft,2 BHK,Greenwood Valley,12.977057781362152,77.74933817929104
Premium 1 BHK in Greenwood Valley,"₹ 2,385,602 /- Only",761 Sq-Ft,1 BHK,Greenwood Valley,12.99340355444235,77.74198947289052
Premium 1 BHK in Downtown Core,"₹ 3,275,144 /- Only",606 Sq-Ft,1 BHK,Downtown Core,12.961225758875596,77.590198426991
Premium 2 BHK in Silicon Suburbs,"₹ 4,290,185 /- Only",1257 Sq-Ft,2 BHK,Silicon Suburbs,12.927341338301568,77.62346121402678
Premium 1 BHK in Greenwood Valley,"₹ 2,166,932 /- Only",613 Sq-Ft,1 BHK,Greenwood Valley,12.984500881745962,77.73932780433097
Premium 3 BHK in Downtown Core,"₹ 9,465,680 /- Only",1849 Sq-Ft,3 BHK,Downtown Core,12.976619133626667,77.5941124414805
Premium 3 BHK in Silicon Suburbs,"₹ 6,249,808 /- Only",1797 Sq-Ft,3 BHK,Silicon Suburbs,12.927221475030736,77.62050707213783
Premium 3 BHK in Downtown Core,"₹ 9,287,134 /- Only",1776 Sq-Ft,3 BHK,Downtown Core,12.970979981746936,77.58907289852473
Premium 3 BHK in Greenwood Valley,"₹ 6,985,446 /- Only",2021 Sq-Ft,3 BHK,Greenwood Valley,12.979169503994088,77.75286120713146
Premium 4 BHK in Riverside Estates,"₹ 9,486,671 /- Only",2858 Sq-Ft,4 BHK,Riverside Estates,13.024836540016242,77.54993620454852
Premium 1 BHK in Downtown Core,"₹ 2,936,882 /- Only",536 Sq-Ft,1 BHK,Downtown Core,12.964403338568687,77.59149160199154
Premium 2 BHK in Riverside Estates,"₹ 4,177,321 /- Only",1201 Sq-Ft,2 BHK,Riverside Estates,13.028766754544995,77.54683352216443
Premium 1 BHK in Greenwood Valley,"₹ 2,176,837 /- Only",638 Sq-Ft,1 BHK,Greenwood Valley,12.979355088011246,77.7424988808239
Premium 3 BHK in Silicon Suburbs,"₹ 6,399,864 /- Only",1811 Sq-Ft,3 BHK,Silicon Suburbs,12.936994763545085,77.62684085286037
Premium 4 BHK in Downtown Core,"₹ 13,802,736 /- Only",2693 Sq-Ft,4 BHK,Downtown Core,12.977521468358393,77.58292184555259
Premium 2 BHK in Greenwood Valley,"₹ 4,812,508 /- Only",1437 Sq-Ft,2 BHK,Greenwood Valley,12.991200205564658,77.75767641387363
Premium 1 BHK in Silicon Suburbs,"₹ 2,452,451 /- Only",729 Sq-Ft,1 BHK,Silicon Suburbs,12.916795063526918,77.62773722905487
Premium 1 BHK in Downtown Core,"₹ 3,328,400 /- Only",681 Sq-Ft,1 BHK,Downtown Core,12.967041739263507,77.59654590718125
Premium 4 BHK in Greenwood Valley,"₹ 9,238,919 /- Only",2725 Sq-Ft,4 BHK,Greenwood Valley,12.977890278063706,77.74177940477387
Premium 4 BHK in Greenwood Valley,"₹ 8,000,141 /- Only",2272 Sq-Ft,4 BHK,Greenwood Valley,12.991593361224842,77.76117030653653
Premium 4 BHK in Silicon Suburbs,"₹ 9,312,365 /- Only",2701 Sq-Ft,4 BHK,Silicon Suburbs,12.932790334106793,77.62251271922537
Premium 1 BHK in Downtown Core,"₹ 3,729,167 /- Only",768 Sq-Ft,1 BHK,Downtown Core,12.983036046578835,77.59039455904202
Premium 3 BHK in Greenwood Valley,"₹ 6,002,524 /- Only",1725 Sq-Ft,3 BHK,Greenwood Valley,12.978221965759156,77.75237006875865
Premium 1 BHK in Downtown Core,"₹ 3,787,823 /- Only",725 Sq-Ft,1 BHK,Downtown Core,12.976517334310966,77.59624605780782
Premium 2 BHK in Downtown Core,"₹ 7,354,947 /- Only",1445 Sq-Ft,2 BHK,Downtown Core,12.963084437443573,77.58847787174702
Premium 3 BHK in Silicon Suburbs,"₹ 6,690,624 /- Only",1973 Sq-Ft,3 BHK,Silicon Suburbs,12.939365021687781,77.6361726123031
Premium 1 BHK in Greenwood Valley,"₹ 2,362,451 /- Only",733 Sq-Ft,1 BHK,Greenwood Valley,12.969611973347401,77.75349071215706
Premium 4 BHK in Greenwood Valley,"₹ 8,369,413 /- Only",2408 Sq-Ft,4 BHK,Greenwood Valley,12.973261075198657,77.74641012051416
Premium 3 BHK in Greenwood Valley,"₹ 6,709,066 /- Only",1940 Sq-Ft,3 BHK,Greenwood Valley,12.97205345360355,77.7381599347562
Premium 3 BHK in Downtown Core,"₹ 9,984,961 /- Only",1928 Sq-Ft,3 BHK,Downtown Core,12.960509711161675,77.58370658973072
Premium 2 BHK in Downtown Core,"₹ 6,914,837 /- Only",1342 Sq-Ft,2 BHK,Downtown Core,12.96263488760011,77.6007911930334
Premium 3 BHK in Greenwood Valley,"₹ 7,366,837 /- Only",2212 Sq-Ft,3 BHK,Greenwood Valley,12.980790373643076,77.75799526284392
Premium 2 BHK in Greenwood Valley,"₹ 5,000,551 /- Only",1523 Sq-Ft,2 BHK,Greenwood Valley,12.983553137801724,77.75403449463285
Premium 3 BHK in Greenwood Valley,"₹ 6,022,680 /- Only",1768 Sq-Ft,3 BHK,Greenwood Valley,12.990780024808771,77.75175066037426
Premium 4 BHK in Riverside Estates,"₹ 9,100,369 /- Only",2635 Sq-Ft,4 BHK,Riverside Estates,13.025642423509668,77.54889536834727
Premium 3 BHK in Riverside Estates,"₹ 7,251,850 /- Only",2202 Sq-Ft,3 BHK,Riverside Estates,13.030091182701133,77.53811624424627
Premium 2 BHK in Greenwood Valley,"₹ 4,447,064 /- Only",1346 Sq-Ft,2 BHK,Greenwood Valley,12.990812421949755,77.75084092412934
Premium 3 BHK in Greenwood Valley,"₹ 5,830,232 /- Only",1706 Sq-Ft,3 BHK,Greenwood Valley,12.977272317281955,77.74764563598
Premium 2 BHK in Downtown Core,"₹ 6,589,848 /- Only",1263 Sq-Ft,2 BHK,Downtown Core,12.977558969334087,77.60004141720103
Premium 4 BHK in Silicon Suburbs,"₹ 8,170,834 /- Only",2348 Sq-Ft,4 BHK,Silicon Suburbs,12.918942233836217,77.6233670788677
Premium 3 BHK in Greenwood Valley,"₹ 7,217,021 /- Only",2107 Sq-Ft,3 BHK,Greenwood Valley,12.99248541918008,77.75834305102666
Premium 2 BHK in Greenwood Valley,"₹ 4,524,772 /- Only",1286 Sq-Ft,2 BHK,Greenwood Valley,12.992154332459888,77.74414936215253
Premium 2 BHK in Riverside Estates,"₹ 4,689,266 /- Only",1370 Sq-Ft,2 BHK,Riverside Estates,13.024151883252829,77.54059294487406
Premium 4 BHK in Greenwood Valley,"₹ 9,961,955 /- Only",2978 Sq-Ft,4 BHK,Greenwood Valley,12.969663306099237,77.74076085895663
Premium 3 BHK in Riverside Estates,"₹ 6,531,410 /- Only",1885 Sq-Ft,3 BHK,Riverside Estates,13.026113809801082,77.54816974762957
Premium 1 BHK in Riverside Estates,"₹ 2,153,405 /- Only",620 Sq-Ft,1 BHK,Riverside Estates,13.029083903835625,77.55346058300005
Premium 1 BHK in Silicon Suburbs,"₹ 1,824,323 /- Only",560 Sq-Ft,1 BHK,Silicon Suburbs,12.922721771812686,77.63115075292208
Premium 4 BHK in Downtown Core,"₹ 12,145,342 /- Only",2360 Sq-Ft,4 BHK,Downtown Core,12.967812860194039,77.58618287023909
Premium 2 BHK in Downtown Core,"₹ 7,415,362 /- Only",1489 Sq-Ft,2 BHK,Downtown Core,12.97888294344696,77.59689967754954
Premium 4 BHK in Greenwood Valley,"₹ 8,927,499 /- Only",2577 Sq-Ft,4 BHK,Greenwood Valley,12.988988189483308,77.75820257760742
Premium 1 BHK in Greenwood Valley,"₹ 2,436,451 /- Only",770 Sq-Ft,1 BHK,Greenwood Valley,12.979714864064986,77.75565072826487
Premium 3 BHK in Riverside Estates,"₹ 6,525,524 /- Only",1928 Sq-Ft,3 BHK,Riverside Estates,13.033439568832982,77.54953708427756
Premium 2 BHK in Greenwood Valley,"₹ 4,651,599 /- Only",1385 Sq-Ft,2 BHK,Greenwood Valley,12.970661790945801,77.7441053644684
Premium 2 BHK in Riverside Estates,"₹ 4,168,440 /- Only",1241 Sq-Ft,2 BHK,Riverside Estates,13.03787962362106,77.53556939262599
Premium 1 BHK in Silicon Suburbs,"₹ 2,227,694 /- Only",607 Sq-Ft,1 BHK,Silicon Suburbs,12.937779320044502,77.61942662492366
Premium 4 BHK in Silicon Suburbs,"₹ 8,768,382 /- Only",2547 Sq-Ft,4 BHK,Silicon Suburbs,12.929762799285575,77.62688209086532
Premium 3 BHK in Riverside Estates,"₹ 7,002,450 /- Only",2077 Sq-Ft,3 BHK,Riverside Estates,13.027183695525213,77.55286626451677
Premium 1 BHK in Riverside Estates,"₹ 2,385,962 /- Only",669 Sq-Ft,1 BHK,Riverside Estates,13.026048575367705,77.54317474457834
Premium 1 BHK in Greenwood Valley,"₹ 1,974,274 /- Only",590 Sq-Ft,1 BHK,Greenwood Valley,12.974310878868673,77.75872841590392
Premium 3 BHK in Silicon Suburbs,"₹ 7,403,011 /- Only",2267 Sq-Ft,3 BHK,Silicon Suburbs,12.92623387919126,77.6276886447333
Premium 3 BHK in Greenwood Valley,"₹ 5,827,235 /- Only",1672 Sq-Ft,3 BHK,Greenwood Valley,12.981625013941798,77.75226575721105
Premium 3 BHK in Downtown Core,"₹ 9,376,615 /- Only",1831 Sq-Ft,3 BHK,Downtown Core,12.975227226205867,77.59544662499391
Premium 3 BHK in Silicon Suburbs,"₹ 7,171,577 /- Only",2117 Sq-Ft,3 BHK,Silicon Suburbs,12.930202086865664,77.63740540242064
Premium 2 BHK in Riverside Estates,"₹ 4,720,388 /- Only",1392 Sq-Ft,2 BHK,Riverside Estates,13.024407017152768,77.55266394305823
Premium 3 BHK in Riverside Estates,"₹ 6,322,070 /- Only",1869 Sq-Ft,3 BHK,Riverside Estates,13.017484927496792,77.53995206508696
Premium 4 BHK in Downtown Core,"₹ 14,912,541 /- Only",2970 Sq-Ft,4 BHK,Downtown Core,12.97102510152311,77.59433980087468
Premium 4 BHK in Silicon Suburbs,"₹ 9,482,194 /- Only",2780 Sq-Ft,4 BHK,Silicon Suburbs,12.939593266047934,77.6288443210324
Premium 4 BHK in Riverside Estates,"₹ 9,726,231 /- Only",2865 Sq-Ft,4 BHK,Riverside Estates,13.016826830275948,77.55041824233314
Premium 2 BHK in Riverside Estates,"₹ 4,219,062 /- Only",1240 Sq-Ft,2 BHK,Riverside Estates,13.026797666635845,77.5439746475777
Premium 3 BHK in Silicon Suburbs,"₹ 5,689,335 /- Only",1644 Sq-Ft,3 BHK,Silicon Suburbs,12.939699851089786,77.6200374649503
Premium 3 BHK in Downtown Core,"₹ 9,621,571 /- Only",1846 Sq-Ft,3 BHK,Downtown Core,12.97636441389558,77.58982954116273
Premium 4 BHK in Downtown Core,"₹ 14,688,269 /- Only",2876 Sq-Ft,4 BHK,Downtown Core,12.981500095282524,77.58264999187853
Premium 3 BHK in Silicon Suburbs,"₹ 5,924,645 /- Only",1679 Sq-Ft,3 BHK,Silicon Suburbs,12.91615069193681,77.62983892791769
Premium 4 BHK in Silicon Suburbs,"₹ 9,437,328 /- Only",2822 Sq-Ft,4 BHK,Silicon Suburbs,12.929015257181023,77.6166346552859
Premium 2 BHK in Downtown Core,"₹ 7,406,150 /- Only",1490 Sq-Ft,2 BHK,Downtown Core,12.977750455647948,77.60494062278937
Premium 2 BHK in Riverside Estates,"₹ 4,426,266 /- Only",1326 Sq-Ft,2 BHK,Riverside Estates,13.040342290266942,77.54855707200046
Premium 4 BHK in Silicon Suburbs,"₹ 8,167,010 /- Only",2397 Sq-Ft,4 BHK,Silicon Suburbs,12.93718025235728,77.63650995208171
Premium 4 BHK in Greenwood Valley,"₹ 8,521,281 /- Only",2499 Sq-Ft,4 BHK,Greenwood Valley,12.987773528414063,77.75823763525216
Premium 1 BHK in Silicon Suburbs,"₹ 2,015,370 /- Only",616 Sq-Ft,1 BHK,Silicon Suburbs,12.923162907367443,77.63391422992287
Premium 3 BHK in Downtown Core,"₹ 9,572,800 /- Only",1888 Sq-Ft,3 BHK,Downtown Core,12.976900596075792,77.59971296532646
Premium 4 BHK in Riverside Estates,"₹ 8,429,570 /- Only",2443 Sq-Ft,4 BHK,Riverside Estates,13.03956211995705,77.54426191151607
Premium 3 BHK in Greenwood Valley,"₹ 6,106,869 /- Only",1759 Sq-Ft,3 BHK,Greenwood Valley,12.988916443593261,77.75336731077371
Premium 1 BHK in Downtown Core,"₹ 3,412,178 /- Only",649 Sq-Ft,1 BHK,Downtown Core,12.98247059362655,77.60315398955362
Premium 4 BHK in Greenwood Valley,"₹ 8,264,731 /- Only",2387 Sq-Ft,4 BHK,Greenwood Valley,12.991592175500104,77.7446401744742
Premium 2 BHK in Silicon Suburbs,"₹ 4,591,910 /- Only",1355 Sq-Ft,2 BHK,Silicon Suburbs,12.92861448534303,77.62650943302368
Premium 3 BHK in Greenwood Valley,"₹ 6,175,849 /- Only",1797 Sq-Ft,3 BHK,Greenwood Valley,12.973253829518399,77.75319835352526
Premium 1 BHK in Riverside Estates,"₹ 2,060,999 /- Only",617 Sq-Ft,1 BHK,Riverside Estates,13.034746362147075,77.5399654812258
Premium 3 BHK in Silicon Suburbs,"₹ 6,650,759 /- Only",1916 Sq-Ft,3 BHK,Silicon Suburbs,12.916639635799697,77.62384071436549
Premium 1 BHK in Downtown Core,"₹ 3,851,895 /- Only",738 Sq-Ft,1 BHK,Downtown Core,12.970977946610095,77.58525594665726
Premium 4 BHK in Greenwood Valley,"₹ 8,966,194 /- Only",2669 Sq-Ft,4 BHK,Greenwood Valley,12.973866107456995,77.7489259050279
Premium 2 BHK in Greenwood Valley,"₹ 4,184,136 /- Only",1190 Sq-Ft,2 BHK,Greenwood Valley,12.981165555353506,77.74234241346
Premium 4 BHK in Silicon Suburbs,"₹ 9,487,002 /- Only",2845 Sq-Ft,4 BHK,Silicon Suburbs,12.93615129129092,77.62200732811398
Premium 4 BHK in Downtown Core,"₹ 14,426,989 /- Only",2877 Sq-Ft,4 BHK,Downtown Core,12.978447156695342,77.60204870351033
Premium 2 BHK in Silicon Suburbs,"₹ 4,421,982 /- Only",1304 Sq-Ft,2 BHK,Silicon Suburbs,12.933048939768035,77.6166752114859
Premium 3 BHK in Downtown Core,"₹ 11,461,522 /- Only",2267 Sq-Ft,3 BHK,Downtown Core,12.9797234325355,77.60508367463522
Premium 1 BHK in Greenwood Valley,"₹ 2,203,202 /- Only",665 Sq-Ft,1 BHK,Greenwood Valley,12.973119780831128,77.75725835939346
Premium 3 BHK in Riverside Estates,"₹ 6,634,043 /- Only",1900 Sq-Ft,3 BHK,Riverside Estates,13.029635381624807,77.55054860510045
Premium 4 BHK in Silicon Suburbs,"₹ 8,566,110 /- Only",2529 Sq-Ft,4 BHK,Silicon Suburbs,12.938202691772533,77.6254251808834
Premium 1 BHK in Greenwood Valley,"₹ 1,825,956 /- Only",550 Sq-Ft,1 BHK,Greenwood Valley,12.981665354890048,77.74051324570257
Premium 1 BHK in Downtown Core,"₹ 3,807,573 /- Only",755 Sq-Ft,1 BHK,Downtown Core,12.978181963926994,77.5926126013741
Premium 2 BHK in Riverside Estates,"₹ 4,120,460 /- Only",1224 Sq-Ft,2 BHK,Riverside Estates,13.017462569114004,77.5359197474006
Premium 2 BHK in Riverside Estates,"₹ 4,890,833 /- Only",1412 Sq-Ft,2 BHK,Riverside Estates,13.033216059313988,77.54611709037292
Premium 1 BHK in Downtown Core,"₹ 3,376,391 /- Only",640 Sq-Ft,1 BHK,Downtown Core,12.964196257789453,77.60636269327958
Premium 3 BHK in Riverside Estates,"₹ 6,826,166 /- Only",1962 Sq-Ft,3 BHK,Riverside Estates,13.02594769440599,77.54515728325818
Premium 3 BHK in Riverside Estates,"₹ 7,048,704 /- Only",2115 Sq-Ft,3 BHK,Riverside Estates,13.03413134787825,77.55137140179936
Premium 3 BHK in Riverside Estates,"₹ 6,139,854 /- Only",1787 Sq-Ft,3 BHK,Riverside Estates,13.039554621367575,77.54023961099138
Premium 4 BHK in Greenwood Valley,"₹ 10,002,906 /- Only",3013 Sq-Ft,4 BHK,Greenwood Valley,12.986143359950233,77.75593541272836
Premium 3 BHK in Riverside Estates,"₹ 6,419,370 /- Only",1917 Sq-Ft,3 BHK,Riverside Estates,13.03822598286865,77.55293562148849
Premium 4 BHK in Riverside Estates,"₹ 9,936,603 /- Only",2959 Sq-Ft,4 BHK,Riverside Estates,13.028859645624284,77.53048785283946
Premium 2 BHK in Greenwood Valley,"₹ 5,036,443 /- Only",1464 Sq-Ft,2 BHK,Greenwood Valley,12.975787676948249,77.7385801120295
Premium 3 BHK in Riverside Estates,"₹ 6,947,794 /- Only",2069 Sq-Ft,3 BHK,Riverside Estates,13.039323477825224,77.54235207374974
Premium 2 BHK in Silicon Suburbs,"₹ 4,398,026 /- Only",1310 Sq-Ft,2 BHK,Silicon Suburbs,12.91847511509246,77.62912263807023
Premium 4 BHK in Riverside Estates,"₹ 9,338,911 /- Only",2815 Sq-Ft,4 BHK,Riverside Estates,13.032654361081223,77.55058499216723
Premium 3 BHK in Greenwood Valley,"₹ 6,996,287 /- Only",2079 Sq-Ft,3 BHK,Greenwood Valley,12.97908062657147,77.75996453376783
Premium 4 BHK in Greenwood Valley,"₹ 9,342,300 /- Only",2762 Sq-Ft,4 BHK,Greenwood Valley,12.976160240450596,77.75106303048288
Premium 1 BHK in Silicon Suburbs,"₹ 2,116,295 /- Only",575 Sq-Ft,1 BHK,Silicon Suburbs,12.93086083067122,77.63051800738322
Premium 2 BHK in Downtown Core,"₹ 5,542,717 /- Only",1060 Sq-Ft,2 BHK,Downtown Core,12.98070781700507,77.5872492914767
Premium 3 BHK in Downtown Core,"₹ 10,949,083 /- Only",2176 Sq-Ft,3 BHK,Downtown Core,12.979006720853272,77.59307643307835
Premium 2 BHK in Downtown Core,"₹ 5,927,261 /- Only",1150 Sq-Ft,2 BHK,Downtown Core,12.967240869782064,77.58406469780026
Premium 2 BHK in Downtown Core,"₹ 6,960,249 /- Only",1374 Sq-Ft,2 BHK,Downtown Core,12.982084055913472,77.60320679566752
Premium 3 BHK in Riverside Estates,"₹ 7,158,102 /- Only",2094 Sq-Ft,3 BHK,Riverside Estates,13.032126297271821,77.53306667773744
Premium 1 BHK in Riverside Estates,"₹ 2,168,275 /- Only",641 Sq-Ft,1 BHK,Riverside Estates,13.020166250281966,77.53662204677127
Premium 2 BHK in Greenwood Valley,"₹ 4,984,951 /- Only",1450 Sq-Ft,2 BHK,Greenwood Valley,12.976365740879286,77.74623057752088
Premium 1 BHK in Greenwood Valley,"₹ 2,120,355 /- Only",573 Sq-Ft,1 BHK,Greenwood Valley,12.983725613001868,77.75052491661847
Premium 3 BHK in Greenwood Valley,"₹ 6,153,121 /- Only",1722 Sq-Ft,3 BHK,Greenwood Valley,12.981991227050926,77.75986347399808
Premium 3 BHK in Downtown Core,"₹ 9,307,774 /- Only",1778 Sq-Ft,3 BHK,Downtown Core,12.97565901112687,77.59150134578614
Premium 3 BHK in Downtown Core,"₹ 11,341,032 /- Only",2227 Sq-Ft,3 BHK,Downtown Core,12.968002375711645,77.59820669569685
Premium 3 BHK in Greenwood Valley,"₹ 6,466,988 /- Only",1897 Sq-Ft,3 BHK,Greenwood Valley,12.981510993444338,77.76078924540917
Premium 2 BHK in Riverside Estates,"₹ 4,671,208 /- Only",1344 Sq-Ft,2 BHK,Riverside Estates,13.036459163904468,77.5532070980367
Premium 4 BHK in Downtown Core,"₹ 13,082,379 /- Only",2559 Sq-Ft,4 BHK,Downtown Core,12.964199005759157,77.60537496186524
Premium 2 BHK in Silicon Suburbs,"₹ 4,478,787 /- Only",1296 Sq-Ft,2 BHK,Silicon Suburbs,12.923818430747845,77.61760274739063
Premium 1 BHK in Greenwood Valley,"₹ 2,377,380 /- Only",672 Sq-Ft,1 BHK,Greenwood Valley,12.976417625485478,77.75574099806279
Premium 2 BHK in Downtown Core,"₹ 6,606,923 /- Only",1322 Sq-Ft,2 BHK,Downtown Core,12.96482394128488,77.60449650339997
Premium 4 BHK in Downtown Core,"₹ 13,758,294 /- Only",2706 Sq-Ft,4 BHK,Downtown Core,12.976950291625347,77.590455916178
Premium 4 BHK in Riverside Estates,"₹ 9,308,584 /- Only",2785 Sq-Ft,4 BHK,Riverside Estates,13.018917544389973,77.53162481632636
Premium 1 BHK in Silicon Suburbs,"₹ 2,386,123 /- Only",661 Sq-Ft,1 BHK,Silicon Suburbs,12.920468543597869,77.63428023764156
Premium 2 BHK in Silicon Suburbs,"₹ 4,985,119 /- Only",1454 Sq-Ft,2 BHK,Silicon Suburbs,12.925004604759291,77.62730469462906
Premium 1 BHK in Downtown Core,"₹ 3,814,070 /- Only",771 Sq-Ft,1 BHK,Downtown Core,12.981081787890565,77.603100021781
Premium 2 BHK in Riverside Estates,"₹ 4,271,227 /- Only",1250 Sq-Ft,2 BHK,Riverside Estates,13.034224307987772,77.53009600083958
Premium 1 BHK in Silicon Suburbs,"₹ 2,169,244 /- Only",600 Sq-Ft,1 BHK,Silicon Suburbs,12.93340132019605,77.63432069906982
Premium 2 BHK in Downtown Core,"₹ 5,765,140 /- Only",1082 Sq-Ft,2 BHK,Downtown Core,12.980139389678584,77.58770640697477
Premium 2 BHK in Greenwood Valley,"₹ 4,290,374 /- Only",1263 Sq-Ft,2 BHK,Greenwood Valley,12.983868058235695,77.74144946806608
Premium 3 BHK in Greenwood Valley,"₹ 6,152,185 /- Only",1791 Sq-Ft,3 BHK,Greenwood Valley,12.971359723803184,77.73861689291095
Premium 1 BHK in Greenwood Valley,"₹ 2,244,371 /- Only",696 Sq-Ft,1 BHK,Greenwood Valley,12.992443367880488,77.753487955106
Premium 3 BHK in Greenwood Valley,"₹ 7,176,954 /- Only",2100 Sq-Ft,3 BHK,Greenwood Valley,12.973370241197735,77.74174019089531
Premium 1 BHK in Greenwood Valley,"₹ 2,518,898 /- Only",737 Sq-Ft,1 BHK,Greenwood Valley,12.9908001073592,77.74887129197076
Premium 3 BHK in Riverside Estates,"₹ 6,482,993 /- Only",1874 Sq-Ft,3 BHK,Riverside Estates,13.017739882632883,77.54183867247832
Premium 3 BHK in Silicon Suburbs,"₹ 6,085,164 /- Only",1711 Sq-Ft,3 BHK,Silicon Suburbs,12.92515570424858,77.63712477138284
Premium 2 BHK in Silicon Suburbs,"₹ 3,838,613 /- Only",1106 Sq-Ft,2 BHK,Silicon Suburbs,12.922668724835747,77.62249403313915
Premium 1 BHK in Greenwood Valley,"₹ 2,252,756 /- Only",702 Sq-Ft,1 BHK,Greenwood Valley,12.991909309888714,77.75424692008787
Premium 3 BHK in Silicon Suburbs,"₹ 5,963,288 /- Only",1732 Sq-Ft,3 BHK,Silicon Suburbs,12.917898898371094,77.62525815726983
Premium 3 BHK in Downtown Core,"₹ 8,864,726 /- Only",1705 Sq-Ft,3 BHK,Downtown Core,12.982077337029917,77.59574744714918
Premium 1 BHK in Greenwood Valley,"₹ 2,239,271 /- Only",673 Sq-Ft,1 BHK,Greenwood Valley,12.972903264666533,77.74611295568008
Premium 3 BHK in Greenwood Valley,"₹ 7,452,815 /- Only",2254 Sq-Ft,3 BHK,Greenwood Valley,12.975237870797313,77.74228967477238
Premium 3 BHK in Downtown Core,"₹ 10,760,496 /- Only",2140 Sq-Ft,3 BHK,Downtown Core,12.977146611640672,77.59705869174066
Premium 3 BHK in Downtown Core,"₹ 8,614,694 /- Only",1667 Sq-Ft,3 BHK,Downtown Core,12.979420981619485,77.59788766660445
Premium 4 BHK in Downtown Core,"₹ 14,217,396 /- Only",2795 Sq-Ft,4 BHK,Downtown Core,12.975703962214215,77.5942277961853
Premium 4 BHK in Riverside Estates,"₹ 9,123,322 /- Only",2694 Sq-Ft,4 BHK,Riverside Estates,13.03021894972572,77.530898773003
Premium 1 BHK in Riverside Estates,"₹ 2,153,463 /- Only",646 Sq-Ft,1 BHK,Riverside Estates,13.021676032853877,77.54804727959493
Premium 2 BHK in Silicon Suburbs,"₹ 4,532,087 /- Only",1281 Sq-Ft,2 BHK,Silicon Suburbs,12.938647731426565,77.63743928608059
Premium 4 BHK in Greenwood Valley,"₹ 8,694,776 /- Only",2529 Sq-Ft,4 BHK,Greenwood Valley,12.985687233358794,77.75541797102647
Premium 4 BHK in Riverside Estates,"₹ 9,256,685 /- Only",2733 Sq-Ft,4 BHK,Riverside Estates,13.032274523325716,77.5473613245344
Premium 1 BHK in Riverside Estates,"₹ 2,389,841 /- Only",676 Sq-Ft,1 BHK,Riverside Estates,13.03066183718083,77.54197138271826
Premium 4 BHK in Silicon Suburbs,"₹ 9,761,082 /- Only",2885 Sq-Ft,4 BHK,Silicon Suburbs,12.916781039097616,77.6353084423492
Premium 1 BHK in Downtown Core,"₹ 2,969,344 /- Only",583 Sq-Ft,1 BHK,Downtown Core,12.979146261550405,77.60556490726488
Premium 4 BHK in Greenwood Valley,"₹ 8,313,367 /- Only",2406 Sq-Ft,4 BHK,Greenwood Valley,12.987973193808429,77.74338531367171
Premium 4 BHK in Greenwood Valley,"₹ 8,769,450 /- Only",2533 Sq-Ft,4 BHK,Greenwood Valley,12.972952383862804,77.74742828194408
Premium 3 BHK in Greenwood Valley,"₹ 6,387,232 /- Only",1805 Sq-Ft,3 BHK,Greenwood Valley,12.985887180864616,77.74686840116142
Premium 4 BHK in Greenwood Valley,"₹ 8,355,308 /- Only",2371 Sq-Ft,4 BHK,Greenwood Valley,12.974690260260884,77.75103258610454
Premium 3 BHK in Silicon Suburbs,"₹ 5,910,617 /- Only",1701 Sq-Ft,3 BHK,Silicon Suburbs,12.93930340341117,77.62982482568232
Premium 1 BHK in Downtown Core,"₹ 3,594,719 /- Only",711 Sq-Ft,1 BHK,Downtown Core,12.963412879915849,77.60474690481173
Premium 3 BHK in Greenwood Valley,"₹ 6,936,481 /- Only",2043 Sq-Ft,3 BHK,Greenwood Valley,12.990927470688966,77.74088068295563
Premium 2 BHK in Riverside Estates,"₹ 4,630,165 /- Only",1410 Sq-Ft,2 BHK,Riverside Estates,13.033707702442287,77.55280715609484
Premium 4 BHK in Silicon Suburbs,"₹ 9,519,762 /- Only",2865 Sq-Ft,4 BHK,Silicon Suburbs,12.935293602854632,77.6202723386568
Premium 1 BHK in Silicon Suburbs,"₹ 2,306,507 /- Only",700 Sq-Ft,1 BHK,Silicon Suburbs,12.921959633417675,77.6309657695334
Premium 1 BHK in Downtown Core,"₹ 3,132,142 /- Only",638 Sq-Ft,1 BHK,Downtown Core,12.973888395593713,77.60009091491469
Premium 3 BHK in Riverside Estates,"₹ 6,067,563 /- Only",1717 Sq-Ft,3 BHK,Riverside Estates,13.018414354756368,77.52995877473423
Premium 1 BHK in Riverside Estates,"₹ 2,248,547 /- Only",660 Sq-Ft,1 BHK,Riverside Estates,13.029872010855724,77.53353253002162
Premium 4 BHK in Silicon Suburbs,"₹ 7,940,476 /- Only",2248 Sq-Ft,4 BHK,Silicon Suburbs,12.91802410313022,77.63877090431198
Premium 4 BHK in Silicon Suburbs,"₹ 10,094,989 /- Only",3003 Sq-Ft,4 BHK,Silicon Suburbs,12.929781493758998,77.62650772022711
Premium 1 BHK in Greenwood Valley,"₹ 2,510,139 /- Only",772 Sq-Ft,1 BHK,Greenwood Valley,12.970136319883544,77.7465919013644
Premium 3 BHK in Downtown Core,"₹ 9,785,465 /- Only",1906 Sq-Ft,3 BHK,Downtown Core,12.976576145344147,77.58879286248964
Premium 3 BHK in Greenwood Valley,"₹ 5,869,974 /- Only",1650 Sq-Ft,3 BHK,Greenwood Valley,12.980263138806025,77.74734330834127
Premium 1 BHK in Riverside Estates,"₹ 2,012,479 /- Only",541 Sq-Ft,1 BHK,Riverside Estates,13.023962247140686,77.54786328731
Premium 3 BHK in Downtown Core,"₹ 9,037,673 /- Only",1760 Sq-Ft,3 BHK,Downtown Core,12.964148629155556,77.60148577350297
Premium 2 BHK in Downtown Core,"₹ 6,020,719 /- Only",1155 Sq-Ft,2 BHK,Downtown Core,12.978453595859571,77.59526871012801
Premium 2 BHK in Greenwood Valley,"₹ 4,155,194 /- Only",1214 Sq-Ft,2 BHK,Greenwood Valley,12.992339882024684,77.75281697900375
Premium 3 BHK in Downtown Core,"₹ 9,478,783 /- Only",1826 Sq-Ft,3 BHK,Downtown Core,12.973106233565515,77.59555740424733
Premium 2 BHK in Silicon Suburbs,"₹ 4,434,780 /- Only",1251 Sq-Ft,2 BHK,Silicon Suburbs,12.921097460569797,77.63531442563942
Premium 1 BHK in Downtown Core,"₹ 3,429,470 /- Only",648 Sq-Ft,1 BHK,Downtown Core,12.97693400237175,77.60046109303588
Premium 2 BHK in Riverside Estates,"₹ 4,410,774 /- Only",1314 Sq-Ft,2 BHK,Riverside Estates,13.026191315968005,77.53352270869375
Premium 3 BHK in Riverside Estates,"₹ 6,834,032 /- Only",2019 Sq-Ft,3 BHK,Riverside Estates,13.040307785830917,77.53657426049544
Premium 1 BHK in Riverside Estates,"₹ 1,964,531 /- Only",562 Sq-Ft,1 BHK,Riverside Estates,13.03263389294678,77.55025143646661
Premium 4 BHK in Silicon Suburbs,"₹ 9,077,297 /- Only",2642 Sq-Ft,4 BHK,Silicon Suburbs,12.929730049959254,77.62960357971113
Premium 1 BHK in Greenwood Valley,"₹ 2,203,907 /- Only",598 Sq-Ft,1 BHK,Greenwood Valley,12.975670545859469,77.7555226621582
Premium 3 BHK in Greenwood Valley,"₹ 5,963,742 /- Only",1696 Sq-Ft,3 BHK,Greenwood Valley,12.969746826314005,77.74805610475552
Premium 3 BHK in Silicon Suburbs,"₹ 6,973,064 /- Only",2099 Sq-Ft,3 BHK,Silicon Suburbs,12.937329503003342,77.62674018696394
Premium 2 BHK in Downtown Core,"₹ 5,697,798 /- Only",1121 Sq-Ft,2 BHK,Downtown Core,12.978997866168237,77.5949235285162
Premium 1 BHK in Riverside Estates,"₹ 2,096,584 /- Only",573 Sq-Ft,1 BHK,Riverside Estates,13.021082425919358,77.53691436541416
Premium 4 BHK in Downtown Core,"₹ 12,935,909 /- Only",2535 Sq-Ft,4 BHK,Downtown Core,12.968356275534795,77.59321757981307
Premium 3 BHK in Riverside Estates,"₹ 5,981,711 /- Only",1680 Sq-Ft,3 BHK,Riverside Estates,13.038809982473147,77.5407243513656
Premium 1 BHK in Silicon Suburbs,"₹ 2,386,864 /- Only",719 Sq-Ft,1 BHK,Silicon Suburbs,12.916946290861857,77.63104829743936
Premium 1 BHK in Downtown Core,"₹ 3,017,351 /- Only",605 Sq-Ft,1 BHK,Downtown Core,12.963015344619128,77.585037513135
Premium 1 BHK in Riverside Estates,"₹ 2,053,963 /- Only",642 Sq-Ft,1 BHK,Riverside Estates,13.029341891789311,77.54018641670902
Premium 4 BHK in Greenwood Valley,"₹ 9,937,228 /- Only",2938 Sq-Ft,4 BHK,Greenwood Valley,12.982696603715405,77.74028146576399
Premium 3 BHK in Silicon Suburbs,"₹ 7,224,961 /- Only",2147 Sq-Ft,3 BHK,Silicon Suburbs,12.92691442995423,77.6152819868438
Premium 4 BHK in Silicon Suburbs,"₹ 8,342,511 /- Only",2403 Sq-Ft,4 BHK,Silicon Suburbs,12.920704379192523,77.62239252231224
Premium 4 BHK in Greenwood Valley,"₹ 9,145,742 /- Only",2688 Sq-Ft,4 BHK,Greenwood Valley,12.970828810347696,77.75017329775174
Premium 2 BHK in Riverside Estates,"₹ 3,739,819 /- Only",1091 Sq-Ft,2 BHK,Riverside Estates,13.023262904470675,77.55318397358158
Premium 4 BHK in Downtown Core,"₹ 14,667,029 /- Only",2897 Sq-Ft,4 BHK,Downtown Core,12.961777519291205,77.60044818805275
Premium 3 BHK in Riverside Estates,"₹ 5,696,573 /- Only",1657 Sq-Ft,3 BHK,Riverside Estates,13.019428842020034,77.53531411165251
Premium 2 BHK in Greenwood Valley,"₹ 4,791,690 /- Only",1395 Sq-Ft,2 BHK,Greenwood Valley,12.975763430830094,77.75971984098125
Premium 2 BHK in Riverside Estates,"₹ 4,821,250 /- Only",1449 Sq-Ft,2 BHK,Riverside Estates,13.03917992567719,77.53303210708702
Premium 4 BHK in Downtown Core,"₹ 12,390,445 /- Only",2406 Sq-Ft,4 BHK,Downtown Core,12.965925826565831,77.59768620841689
Premium 1 BHK in Silicon Suburbs,"₹ 2,142,959 /- Only",660 Sq-Ft,1 BHK,Silicon Suburbs,12.930310577813104,77.61796192620537
Premium 3 BHK in Downtown Core,"₹ 8,431,047 /- Only",1617 Sq-Ft,3 BHK,Downtown Core,12.971538966564916,77.58975256542864
Premium 3 BHK in Greenwood Valley,"₹ 6,842,718 /- Only",2014 Sq-Ft,3 BHK,Greenwood Valley,12.975506338827245,77.74510295870512
Premium 4 BHK in Silicon Suburbs,"₹ 9,245,359 /- Only",2698 Sq-Ft,4 BHK,Silicon Suburbs,12.937189561963164,77.62975976406237
Premium 4 BHK in Silicon Suburbs,"₹ 9,759,250 /- Only",2950 Sq-Ft,4 BHK,Silicon Suburbs,12.919901092005599,77.632680224785
Premium 4 BHK in Silicon Suburbs,"₹ 9,599,505 /- Only",2870 Sq-Ft,4 BHK,Silicon Suburbs,12.929268988540581,77.63157502593143
Premium 2 BHK in Downtown Core,"₹ 6,159,584 /- Only",1208 Sq-Ft,2 BHK,Downtown Core,12.964711630211355,77.59330376446705
Premium 3 BHK in Riverside Estates,"₹ 6,267,226 /- Only",1776 Sq-Ft,3 BHK,Riverside Estates,13.033751496929908,77.54446971006689
Premium 1 BHK in Riverside Estates,"₹ 1,845,687 /- Only",527 Sq-Ft,1 BHK,Riverside Estates,13.037079595559508,77.54938197226993
Premium 3 BHK in Greenwood Valley,"₹ 6,719,520 /- Only",2011 Sq-Ft,3 BHK,Greenwood Valley,12.978092348749692,77.74552190965211
Premium 3 BHK in Greenwood Valley,"₹ 6,808,516 /- Only",1962 Sq-Ft,3 BHK,Greenwood Valley,12.982239362005643,77.75944818940776
Premium 2 BHK in Silicon Suburbs,"₹ 4,025,471 /- Only",1173 Sq-Ft,2 BHK,Silicon Suburbs,12.92627333547708,77.62217398803871
Premium 1 BHK in Downtown Core,"₹ 3,155,298 /- Only",633 Sq-Ft,1 BHK,Downtown Core,12.977969584776993,77.60481128446112
Premium 4 BHK in Downtown Core,"₹ 12,637,543 /- Only",2434 Sq-Ft,4 BHK,Downtown Core,12.96008569170562,77.58384944742691
Premium 4 BHK in Riverside Estates,"₹ 8,146,855 /- Only",2349 Sq-Ft,4 BHK,Riverside Estates,13.027861344348894,77.53099207271242
Premium 3 BHK in Silicon Suburbs,"₹ 6,128,906 /- Only",1739 Sq-Ft,3 BHK,Silicon Suburbs,12.9257306537451,77.62401876297115
Premium 4 BHK in Greenwood Valley,"₹ 7,824,595 /- Only",2173 Sq-Ft,4 BHK,Greenwood Valley,12.993372511348067,77.74021302211409
Premium 4 BHK in Riverside Estates,"₹ 7,862,690 /- Only",2286 Sq-Ft,4 BHK,Riverside Estates,13.037403401569877,77.53627233917915
Premium 4 BHK in Downtown Core,"₹ 11,871,882 /- Only",2295 Sq-Ft,4 BHK,Downtown Core,12.980433739410923,77.60361012448972
Premium 1 BHK in Riverside Estates,"₹ 2,018,896 /- Only",554 Sq-Ft,1 BHK,Riverside Estates,13.03688537186992,77.5443244709434
Premium 2 BHK in Downtown Core,"₹ 7,187,714 /- Only",1429 Sq-Ft,2 BHK,Downtown Core,12.97158387412418,77.59608899767409
Premium 4 BHK in Downtown Core,"₹ 12,197,159 /- Only",2343 Sq-Ft,4 BHK,Downtown Core,12.97930014802153,77.58384246062997
Premium 3 BHK in Greenwood Valley,"₹ 5,864,782 /- Only",1696 Sq-Ft,3 BHK,Greenwood Valley,12.983765871571968,77.75265348751083
Premium 2 BHK in Silicon Suburbs,"₹ 4,565,286 /- Only",1383 Sq-Ft,2 BHK,Silicon Suburbs,12.934988089271043,77.63816368131424
Premium 2 BHK in Downtown Core,"₹ 6,463,760 /- Only",1238 Sq-Ft,2 BHK,Downtown Core,12.96141533360872,77.60355394202897
Premium 3 BHK in Downtown Core,"₹ 9,522,367 /- Only",1831 Sq-Ft,3 BHK,Downtown Core,12.96662322783846,77.6062113576566
Premium 1 BHK in Greenwood Valley,"₹ 2,523,886 /- Only",707 Sq-Ft,1 BHK,Greenwood Valley,12.990935564554528,77.73972499480969
Premium 1 BHK in Downtown Core,"₹ 3,071,669 /- Only",614 Sq-Ft,1 BHK,Downtown Core,12.981219943356903,77.60583243900999
Premium 3 BHK in Downtown Core,"₹ 9,968,708 /- Only",1927 Sq-Ft,3 BHK,Downtown Core,12.973239350000735,77.58744234374723
Premium 2 BHK in Riverside Estates,"₹ 4,655,933 /- Only",1411 Sq-Ft,2 BHK,Riverside Estates,13.027452400946066,77.53982584190109
Premium 4 BHK in Greenwood Valley,"₹ 9,178,290 /- Only",2731 Sq-Ft,4 BHK,Greenwood Valley,12.980531788048758,77.73913337984541
Premium 1 BHK in Riverside Estates,"₹ 1,848,730 /- Only",549 Sq-Ft,1 BHK,Riverside Estates,13.037911229082797,77.54776316261574
Premium 4 BHK in Riverside Estates,"₹ 8,089,967 /- Only",2301 Sq-Ft,4 BHK,Riverside Estates,13.035141637720148,77.53645495700228
Premium 3 BHK in Greenwood Valley,"₹ 6,752,332 /- Only",1997 Sq-Ft,3 BHK,Greenwood Valley,12.99135829176131,77.74243031264518
Premium 4 BHK in Silicon Suburbs,"₹ 8,574,216 /- Only",2478 Sq-Ft,4 BHK,Silicon Suburbs,12.925381102293596,77.61585358543837
Premium 3 BHK in Silicon Suburbs,"₹ 6,915,070 /- Only",2026 Sq-Ft,3 BHK,Silicon Suburbs,12.925729345573204,77.61824009957313
Premium 1 BHK in Greenwood Valley,"₹ 2,449,728 /- Only",728 Sq-Ft,1 BHK,Greenwood Valley,12.980369966148553,77.75088700316701
Premium 2 BHK in Downtown Core,"₹ 7,429,035 /- Only",1467 Sq-Ft,2 BHK,Downtown Core,12.981997450206272,77.59137532190202
Premium 4 BHK in Riverside Estates,"₹ 8,358,101 /- Only",2362 Sq-Ft,4 BHK,Riverside Estates,13.040191773912888,77.53202065760165
Premium 2 BHK in Greenwood Valley,"₹ 4,122,804 /- Only",1200 Sq-Ft,2 BHK,Greenwood Valley,12.984321029332277,77.75135228143519
Premium 1 BHK in Downtown Core,"₹ 3,667,531 /- Only",727 Sq-Ft,1 BHK,Downtown Core,12.975027461788546,77.59978529056305
Premium 2 BHK in Riverside Estates,"₹ 4,468,252 /- Only",1292 Sq-Ft,2 BHK,Riverside Estates,13.020261338329219,77.5379547697281
Premium 3 BHK in Downtown Core,"₹ 11,206,302 /- Only",2199 Sq-Ft,3 BHK,Downtown Core,12.96698721624076,77.59262723561957
Premium 2 BHK in Riverside Estates,"₹ 3,892,207 /- Only",1097 Sq-Ft,2 BHK,Riverside Estates,13.016542053401007,77.5486908183905
Premium 1 BHK in Downtown Core,"₹ 3,470,297 /- Only",680 Sq-Ft,1 BHK,Downtown Core,12.966292248966782,77.60500680580881
Premium 4 BHK in Riverside Estates,"₹ 7,823,969 /- Only",2205 Sq-Ft,4 BHK,Riverside Estates,13.024436051329564,77.54857965206578
Premium 2 BHK in Riverside Estates,"₹ 4,313,897 /- Only",1230 Sq-Ft,2 BHK,Riverside Estates,13.027885658730815,77.54908577366827
Premium 2 BHK in Downtown Core,"₹ 7,152,705 /- Only",1388 Sq-Ft,2 BHK,Downtown Core,12.974320121938678,77.59985316283831
Premium 2 BHK in Silicon Suburbs,"₹ 4,117,916 /- Only",1199 Sq-Ft,2 BHK,Silicon Suburbs,12.916321258451964,77.6335347916065
Premium 4 BHK in Silicon Suburbs,"₹ 8,287,860 /- Only",2345 Sq-Ft,4 BHK,Silicon Suburbs,12.939541131657778,77.62326335200056
Premium 3 BHK in Silicon Suburbs,"₹ 7,491,180 /- Only",2202 Sq-Ft,3 BHK,Silicon Suburbs,12.929965309471115,77.62115472932206
Premium 4 BHK in Downtown Core,"₹ 12,953,285 /- Only",2548 Sq-Ft,4 BHK,Downtown Core,12.963951507118372,77.60054351363023
Premium 4 BHK in Greenwood Valley,"₹ 9,727,662 /- Only",2906 Sq-Ft,4 BHK,Greenwood Valley,12.98094922325157,77.75335593021225
Premium 1 BHK in Greenwood Valley,"₹ 2,319,594 /- Only",727 Sq-Ft,1 BHK,Greenwood Valley,12.974947649779587,77.75375058362891
Premium 1 BHK in Riverside Estates,"₹ 2,307,813 /- Only",634 Sq-Ft,1 BHK,Riverside Estates,13.026832288688247,77.54804710786017
Premium 1 BHK in Riverside Estates,"₹ 2,319,932 /- Only",665 Sq-Ft,1 BHK,Riverside Estates,13.036666978028359,77.55163843921868
Premium 4 BHK in Riverside Estates,"₹ 8,914,597 /- Only",2622 Sq-Ft,4 BHK,Riverside Estates,13.018022135333236,77.550761347875
Premium 4 BHK in Greenwood Valley,"₹ 7,846,402 /- Only",2268 Sq-Ft,4 BHK,Greenwood Valley,12.990291479851873,77.74549746502817
Premium 2 BHK in Greenwood Valley,"₹ 4,189,095 /- Only",1245 Sq-Ft,2 BHK,Greenwood Valley,12.984754432380043,77.74274522488976
Premium 2 BHK in Greenwood Valley,"₹ 5,060,090 /- Only",1509 Sq-Ft,2 BHK,Greenwood Valley,12.981749479712018,77.74564324626542
Premium 4 BHK in Silicon Suburbs,"₹ 9,404,878 /- Only",2741 Sq-Ft,4 BHK,Silicon Suburbs,12.932536849066441,77.63406998663581
Premium 2 BHK in Downtown Core,"₹ 7,111,210 /- Only",1385 Sq-Ft,2 BHK,Downtown Core,12.98155475608243,77.58474305391714
Premium 3 BHK in Downtown Core,"₹ 10,848,437 /- Only",2111 Sq-Ft,3 BHK,Downtown Core,12.981319414743954,77.58433554962579
Premium 1 BHK in Greenwood Valley,"₹ 2,065,221 /- Only",642 Sq-Ft,1 BHK,Greenwood Valley,12.980717301697206,77.75577686432426
Premium 2 BHK in Riverside Estates,"₹ 4,422,957 /- Only",1255 Sq-Ft,2 BHK,Riverside Estates,13.037147476194733,77.53998615882297
Premium 1 BHK in Riverside Estates,"₹ 1,880,206 /- Only",536 Sq-Ft,1 BHK,Riverside Estates,13.025001556727407,77.55176722735727
Premium 4 BHK in Riverside Estates,"₹ 8,965,038 /- Only",2617 Sq-Ft,4 BHK,Riverside Estates,13.018175322652409,77.53816766584193
Premium 1 BHK in Silicon Suburbs,"₹ 2,476,680 /- Only",698 Sq-Ft,1 BHK,Silicon Suburbs,12.92031475129924,77.62330656639527
Premium 3 BHK in Silicon Suburbs,"₹ 6,526,336 /- Only",1883 Sq-Ft,3 BHK,Silicon Suburbs,12.91952060180754,77.63558625748063
Premium 3 BHK in Greenwood Valley,"₹ 6,710,238 /- Only",1959 Sq-Ft,3 BHK,Greenwood Valley,12.976069503834417,77.74423706204621
Premium 4 BHK in Greenwood Valley,"₹ 8,933,956 /- Only",2568 Sq-Ft,4 BHK,Greenwood Valley,12.981902161381917,77.74782454267307
Premium 1 BHK in Downtown Core,"₹ 2,927,566 /- Only",574 Sq-Ft,1 BHK,Downtown Core,12.961389266122403,77.58768356712704
Premium 2 BHK in Downtown Core,"₹ 5,882,990 /- Only",1145 Sq-Ft,2 BHK,Downtown Core,12.960119135666693,77.60331701197063
Premium 1 BHK in Greenwood Valley,"₹ 2,394,628 /- Only",669 Sq-Ft,1 BHK,Greenwood Valley,12.983362105463094,77.75664056071334
Premium 4 BHK in Greenwood Valley,"₹ 9,618,499 /- Only",2832 Sq-Ft,4 BHK,Greenwood Valley,12.98025065095588,77.74858183802726
Premium 3 BHK in Silicon Suburbs,"₹ 7,261,341 /- Only",2153 Sq-Ft,3 BHK,Silicon Suburbs,12.928904770503108,77.61969348994062
Premium 1 BHK in Silicon Suburbs,"₹ 1,760,405 /- Only",522 Sq-Ft,1 BHK,Silicon Suburbs,12.922250361854786,77.6269920733895
Premium 4 BHK in Downtown Core,"₹ 12,586,026 /- Only",2440 Sq-Ft,4 BHK,Downtown Core,12.967952524329233,77.60504563265835
